Product type,SKU,Price,Availability,Number of products sold,Revenue generated,Customer demographics,Stock levels,Lead times,Order quantities,Shipping times,Shipping carriers,Shipping costs,Supplier name,Location,Lead time,Production volumes,Manufacturing lead time,Manufacturing costs,Inspection results,Defect rates,Transportation modes,Routes,Costs
cosmetics,SKU300,91.572685,85,988,7700.451032,Female,24,1,58,8,Carrier A,8.93861,Supplier 5,Mumbai,20,931,23,49.332394,Fail,4.299702,Rail,Route B,482.860016
haircare,SKU301,20.582666,72,811,9195.758497,Male,11,18,7,5,Carrier B,7.438344,Supplier 5,Mumbai,29,713,9,45.552832,Pending,0.883163,Road,Route C,148.023287
skincare,SKU302,30.162583,29,648,9184.594253,Unknown,25,6,12,4,Carrier A,2.357106,Supplier 2,Mumbai,21,588,22,35.002573,Pending,0.496883,Air,Route A,562.758007
haircare,SKU303,2.355579,99,673,5194.3293,Non-binary,35,10,25,3,Carrier A,7.01494,Supplier 3,Delhi,25,159,22,71.127743,Pending,0.663544,Road,Route C,402.49124
cosmetics,SKU304,35.478644,72,590,1941.17308,Unknown,47,12,28,3,Carrier C,5.591816,Supplier 5,Mumbai,22,391,25,82.252964,Fail,1.240273,Road,Route B,811.767036
skincare,SKU305,51.596718,53,916,9009.176117,Non-binary,56,1,3,7,Carrier B,2.976698,Supplier 4,Delhi,29,860,5,68.371415,Pass,4.93327,Sea,Route A,389.365583
cosmetics,SKU306,45.934006,62,484,6685.741891,Unknown,80,28,90,8,Carrier C,2.003052,Supplier 5,Delhi,24,588,1,51.724965,Pass,2.607404,Air,Route B,351.506452
cosmetics,SKU307,90.133222,58,848,9420.868757,Female,98,18,83,1,Carrier C,8.466443,Supplier 1,Delhi,26,367,5,40.856743,Pass,0.27962,Air,Route C,335.913453
haircare,SKU308,29.052765,95,530,8932.981029,Unknown,93,2,71,2,Carrier C,3.700349,Supplier 4,Mumbai,13,195,18,90.560095,Fail,4.63768,Rail,Route A,605.715468
haircare,SKU309,88.8015,36,370,7853.2106,Non-binary,29,29,57,8,Carrier C,3.441844,Supplier 5,Chennai,13,714,19,60.997628,Pending,4.260005,Rail,Route A,335.46804
skincare,SKU310,86.45275,6,200,3702.025898,Unknown,19,22,4,7,Carrier C,5.259197,Supplier 1,Mumbai,27,146,10,45.589402,Pass,1.946414,Sea,Route A,424.918584
skincare,SKU311,91.733036,71,809,3131.031298,Female,72,24,96,7,Carrier C,4.210165,Supplier 1,Kolkata,9,790,9,3.641734,Pending,3.472413,Road,Route A,811.156139
haircare,SKU312,38.570345,65,106,3375.849473,Unknown,12,11,28,2,Carrier A,7.417448,Supplier 3,Kolkata,19,434,21,66.949015,Pending,0.454865,Rail,Route B,345.439878
skincare,SKU313,89.212849,68,939,5622.27054,Female,74,26,11,3,Carrier C,6.229891,Supplier 1,Bangalore,26,310,8,60.045363,Fail,3.880323,Road,Route B,991.261765
haircare,SKU314,27.818341,29,736,4111.813052,Male,25,27,29,10,Carrier A,8.852082,Supplier 1,Mumbai,2,663,19,16.6281,Pass,2.704372,Sea,Route B,852.796711
skincare,SKU315,76.768054,40,845,7010.880657,Unknown,71,23,6,2,Carrier A,7.460134,Supplier 5,Kolkata,7,640,23,58.188276,Fail,4.561899,Air,Route B,844.37808
cosmetics,SKU316,88.147565,41,473,5125.516573,Non-binary,1,7,37,10,Carrier C,3.063497,Supplier 3,Kolkata,23,823,22,33.667035,Pending,1.853339,Sea,Route C,667.243567
haircare,SKU317,21.990861,15,845,3457.156721,Unknown,12,5,70,7,Carrier C,4.570402,Supplier 5,Bangalore,4,938,24,81.306361,Pending,2.776489,Air,Route B,606.599789
cosmetics,SKU318,90.413341,42,15,9140.152886,Male,48,7,65,6,Carrier B,9.475875,Supplier 3,Chennai,24,659,16,21.491907,Fail,0.334473,Rail,Route B,242.941477
skincare,SKU319,79.106199,13,216,3567.330879,Female,4,8,66,5,Carrier A,9.607474,Supplier 4,Mumbai,21,686,30,26.821645,Fail,4.518718,Rail,Route A,617.935077
cosmetics,SKU320,53.351851,52,251,9841.664463,Male,37,2,34,1,Carrier B,1.876409,Supplier 4,Mumbai,14,777,18,61.806534,Pass,2.435446,Rail,Route B,431.182145
skincare,SKU321,50.661637,12,977,6644.383602,Unknown,72,16,63,1,Carrier A,5.645816,Supplier 1,Chennai,2,760,21,76.210241,Pass,3.106635,Air,Route B,143.507113
cosmetics,SKU322,41.697294,20,605,8182.401847,Non-binary,14,4,44,5,Carrier B,3.169723,Supplier 1,Delhi,7,935,22,81.259731,Pending,4.567859,Sea,Route A,274.424485
cosmetics,SKU323,47.037959,33,378,4184.665852,Non-binary,66,9,61,2,Carrier B,5.6459,Supplier 5,Chennai,13,930,25,81.598279,Pass,1.329253,Road,Route A,782.83054
cosmetics,SKU324,73.812634,62,518,3802.497995,Non-binary,74,20,34,1,Carrier C,1.378556,Supplier 5,Chennai,19,463,10,71.129373,Pending,0.51149,Rail,Route C,410.518232
skincare,SKU325,87.591311,22,103,2962.473416,Male,4,27,51,2,Carrier A,2.321081,Supplier 3,Chennai,30,460,22,8.868056,Fail,2.297807,Rail,Route A,411.449436
skincare,SKU326,80.352168,93,644,6563.769083,Male,30,29,37,7,Carrier C,3.910558,Supplier 2,Delhi,20,370,27,77.031383,Pass,3.562334,Rail,Route C,377.031028
skincare,SKU327,57.23468,52,196,9654.885381,Male,83,6,31,10,Carrier B,3.094484,Supplier 1,Bangalore,30,672,28,38.365187,Pass,3.948186,Rail,Route C,405.967277
haircare,SKU328,96.398538,70,694,9404.983063,Male,94,17,54,5,Carrier B,3.260669,Supplier 4,Mumbai,18,499,11,38.671703,Fail,4.438187,Rail,Route A,878.968426
skincare,SKU329,98.889635,35,602,5248.796014,Non-binary,58,28,93,6,Carrier A,9.511982,Supplier 4,Chennai,1,606,16,17.361388,Fail,2.701826,Air,Route A,586.870484
haircare,SKU330,43.218383,32,926,8715.148136,Unknown,86,21,61,10,Carrier B,3.069323,Supplier 4,Kolkata,26,360,26,37.9749,Pass,0.864321,Road,Route A,988.186451
skincare,SKU331,25.709468,55,536,2535.380592,Male,66,6,42,8,Carrier B,2.279276,Supplier 4,Chennai,8,796,6,68.451924,Pending,4.290827,Rail,Route C,361.273926
skincare,SKU332,7.266856,40,116,5762.483521,Female,64,19,2,4,Carrier C,2.879542,Supplier 5,Kolkata,29,798,10,6.756201,Pending,2.208846,Air,Route B,640.149288
haircare,SKU333,82.27072,4,719,1966.435355,Male,36,9,96,4,Carrier C,6.149285,Supplier 3,Chennai,14,733,23,47.833722,Pending,3.211159,Road,Route A,809.649976
haircare,SKU334,31.935615,36,818,1829.556954,Unknown,82,16,32,8,Carrier B,3.476047,Supplier 3,Chennai,16,577,22,70.195279,Fail,4.400092,Road,Route B,208.162047
cosmetics,SKU335,91.195281,50,708,2798.485106,Non-binary,76,7,93,8,Carrier B,1.919103,Supplier 2,Kolkata,22,242,18,17.716829,Pass,2.574874,Sea,Route A,749.383622
cosmetics,SKU336,34.614176,91,132,4615.54492,Non-binary,78,1,31,3,Carrier B,2.461606,Supplier 1,Delhi,21,104,25,37.125643,Fail,0.36882,Air,Route A,134.591491
skincare,SKU337,86.364204,41,210,6544.589034,Non-binary,62,10,12,8,Carrier C,1.85637,Supplier 3,Bangalore,13,873,14,75.216484,Fail,3.332459,Road,Route A,812.915044
skincare,SKU338,12.634484,3,766,5555.062411,Male,13,22,5,5,Carrier A,5.33146,Supplier 3,Chennai,1,552,3,12.989216,Fail,2.086117,Air,Route B,223.477878
cosmetics,SKU339,95.927437,85,521,2325.357377,Non-binary,21,11,7,1,Carrier B,3.738745,Supplier 3,Bangalore,2,161,18,87.658713,Pass,3.435666,Rail,Route B,484.99917
haircare,SKU340,62.845074,61,770,6219.416976,Unknown,14,9,12,1,Carrier A,7.88716,Supplier 3,Mumbai,3,425,14,25.529804,Pass,4.899705,Rail,Route B,586.132415
skincare,SKU341,72.764094,34,388,7910.665124,Female,34,25,68,9,Carrier B,7.203175,Supplier 3,Kolkata,12,183,3,81.378767,Fail,3.181581,Air,Route A,802.816605
haircare,SKU342,90.2482,77,926,7100.953414,Male,34,15,86,4,Carrier B,2.434981,Supplier 4,Chennai,1,250,9,32.710991,Pending,3.077706,Air,Route B,927.03498
skincare,SKU343,84.430152,5,986,5395.484675,Non-binary,17,25,55,2,Carrier C,9.784269,Supplier 1,Chennai,13,511,16,70.871265,Fail,3.842549,Rail,Route B,375.545716
cosmetics,SKU344,27.163046,51,313,8648.435971,Female,77,17,89,6,Carrier A,6.414484,Supplier 2,Bangalore,13,565,28,48.041356,Pending,4.46949,Road,Route B,136.445594
cosmetics,SKU345,74.72307,27,532,2637.830755,Female,47,16,56,5,Carrier A,2.451325,Supplier 4,Mumbai,12,853,15,67.256087,Fail,1.230462,Rail,Route B,753.903369
cosmetics,SKU346,22.783238,18,971,8305.471393,Male,15,5,73,10,Carrier B,5.402219,Supplier 1,Chennai,11,334,25,93.911285,Pass,3.918213,Road,Route A,687.002882
cosmetics,SKU347,2.394784,53,651,7784.533594,Female,47,2,45,6,Carrier B,5.682874,Supplier 1,Kolkata,29,412,9,36.853038,Pending,1.606014,Sea,Route A,647.008886
cosmetics,SKU348,66.535154,59,85,2702.618589,Female,71,4,45,5,Carrier A,2.231491,Supplier 2,Chennai,18,803,11,39.898823,Pass,3.754627,Rail,Route C,743.049453
cosmetics,SKU349,93.076505,17,769,6726.698903,Unknown,97,1,79,10,Carrier C,6.643962,Supplier 1,Bangalore,19,544,17,40.234179,Pending,1.910178,Air,Route A,772.47974
haircare,SKU350,29.168394,3,172,2860.396811,Female,71,14,54,2,Carrier B,3.605764,Supplier 4,Mumbai,10,376,8,27.962116,Pass,2.138821,Rail,Route C,205.473632
skincare,SKU351,93.604576,42,296,7014.961485,Male,65,2,82,9,Carrier C,2.031348,Supplier 4,Bangalore,3,636,22,11.17562,Pass,3.415026,Rail,Route B,504.165317
skincare,SKU352,95.13298,3,545,6153.779298,Unknown,60,11,12,1,Carrier A,8.144803,Supplier 5,Chennai,25,292,28,43.156929,Pending,3.167742,Sea,Route A,300.402977
skincare,SKU353,86.484235,50,605,1391.622005,Unknown,13,15,69,5,Carrier B,4.854868,Supplier 4,Mumbai,25,179,22,84.074081,Pending,1.866028,Road,Route B,780.193598
haircare,SKU354,66.377364,46,940,8824.632626,Female,76,14,56,10,Carrier A,9.823998,Supplier 2,Mumbai,3,889,27,71.540746,Pending,4.114002,Air,Route B,729.725775
cosmetics,SKU355,12.571469,60,94,5795.171872,Unknown,64,26,18,2,Carrier B,1.738724,Supplier 3,Bangalore,13,755,21,87.632707,Fail,2.33343,Air,Route A,366.72814
haircare,SKU356,68.267613,22,765,1455.596721,Non-binary,70,30,73,1,Carrier B,8.256018,Supplier 2,Delhi,23,293,19,9.664405,Pass,1.632236,Road,Route C,157.635624
cosmetics,SKU357,85.132162,43,310,4329.816834,Female,48,29,47,7,Carrier C,2.481974,Supplier 3,Bangalore,22,798,28,46.576151,Pass,2.046167,Sea,Route B,616.531434
haircare,SKU358,90.941969,25,456,4577.99219,Non-binary,26,21,10,9,Carrier A,6.273483,Supplier 1,Bangalore,25,304,29,27.987311,Pending,0.760674,Road,Route A,706.620345
cosmetics,SKU359,6.665954,16,749,5805.233511,Female,17,25,47,5,Carrier C,7.785904,Supplier 5,Delhi,30,457,24,75.249159,Fail,0.287602,Air,Route A,678.155405
skincare,SKU360,8.174047,50,746,6135.406578,Male,54,4,64,6,Carrier C,9.065161,Supplier 1,Kolkata,28,176,23,32.47457,Fail,2.541239,Rail,Route C,352.567016
cosmetics,SKU361,47.389166,12,540,1312.821673,Non-binary,76,9,61,1,Carrier C,5.689174,Supplier 2,Delhi,22,235,8,60.058202,Pass,1.856046,Road,Route A,377.170044
cosmetics,SKU362,71.218093,44,288,6427.584852,Female,42,23,78,2,Carrier A,2.91385,Supplier 4,Kolkata,2,873,16,65.557785,Pass,2.348378,Road,Route C,845.704427
cosmetics,SKU363,24.073226,44,758,2537.945871,Male,25,21,68,5,Carrier B,5.81293,Supplier 4,Kolkata,14,279,5,63.403305,Fail,4.736082,Rail,Route B,451.473638
cosmetics,SKU364,42.284976,23,278,7564.889441,Male,55,12,83,1,Carrier C,7.89054,Supplier 5,Kolkata,18,820,21,2.685731,Pending,2.975641,Rail,Route A,402.124992
haircare,SKU365,33.503489,81,970,9199.952003,Female,4,8,54,9,Carrier C,9.144444,Supplier 1,Chennai,25,841,15,9.881665,Pending,3.231428,Air,Route B,996.923196
haircare,SKU366,49.269084,15,218,2920.896056,Non-binary,17,13,78,5,Carrier A,3.812789,Supplier 4,Kolkata,12,471,8,77.445908,Fail,1.334344,Road,Route A,361.638816
skincare,SKU367,98.420942,21,315,2229.566264,Female,19,7,89,5,Carrier C,1.977666,Supplier 3,Chennai,3,623,2,37.200226,Fail,2.627018,Sea,Route B,762.056093
haircare,SKU368,17.022116,72,288,3303.637146,Unknown,6,16,5,9,Carrier B,9.716489,Supplier 3,Delhi,14,700,28,70.587474,Pass,4.584519,Sea,Route A,134.798172
haircare,SKU369,85.448363,47,248,4939.829052,Unknown,92,10,79,4,Carrier B,1.923958,Supplier 2,Kolkata,20,266,22,59.078431,Fail,0.425365,Rail,Route A,261.08111
haircare,SKU370,94.036179,46,213,1195.829541,Male,38,21,94,6,Carrier B,8.793465,Supplier 5,Mumbai,1,892,15,67.064131,Fail,4.56497,Air,Route C,443.422935
haircare,SKU371,25.752377,80,33,5566.630473,Unknown,52,16,96,3,Carrier B,9.75375,Supplier 5,Chennai,15,599,6,53.117069,Fail,2.275604,Rail,Route A,277.661903
cosmetics,SKU372,87.486102,8,484,4476.529172,Non-binary,18,4,89,10,Carrier B,6.833382,Supplier 1,Chennai,29,830,19,7.285969,Fail,1.503,Rail,Route B,765.67864
skincare,SKU373,53.928709,76,262,5309.249962,Non-binary,7,11,75,5,Carrier C,9.655413,Supplier 2,Bangalore,29,237,3,77.17314,Pending,4.127909,Rail,Route B,973.720228
skincare,SKU374,77.362314,31,276,7518.178953,Female,14,12,42,8,Carrier C,7.074416,Supplier 3,Mumbai,27,259,16,82.124225,Fail,3.008179,Air,Route A,892.875993
haircare,SKU375,77.201286,95,201,4548.809189,Male,89,30,25,7,Carrier A,7.863086,Supplier 5,Mumbai,2,702,20,79.298269,Fail,3.799039,Road,Route A,650.588502
haircare,SKU376,5.65307,48,501,7167.876421,Male,91,20,29,9,Carrier A,9.460982,Supplier 1,Kolkata,1,475,14,76.6984,Pass,2.259416,Road,Route C,846.623076
haircare,SKU377,66.830664,53,200,3102.442995,Unknown,57,11,13,7,Carrier B,3.303951,Supplier 4,Delhi,23,335,29,85.33416,Fail,2.981786,Rail,Route A,701.439808
haircare,SKU378,57.503845,54,19,6282.335891,Non-binary,53,9,80,9,Carrier A,8.548452,Supplier 3,Mumbai,11,880,25,79.451548,Fail,2.755031,Rail,Route A,898.517885
skincare,SKU379,24.235276,2,246,6916.605578,Male,42,11,61,1,Carrier B,2.960815,Supplier 3,Mumbai,26,935,1,95.378856,Fail,1.130497,Road,Route C,526.178616
skincare,SKU380,13.884705,27,308,5769.037979,Male,91,20,74,8,Carrier A,7.5553,Supplier 1,Mumbai,13,167,1,85.200566,Fail,2.594931,Road,Route C,398.558511
haircare,SKU381,46.973301,80,765,9468.703393,Female,29,26,87,6,Carrier B,3.506446,Supplier 2,Mumbai,25,825,1,76.541854,Pending,1.966144,Sea,Route B,764.649879
haircare,SKU382,62.788372,67,641,4106.997069,Unknown,20,8,65,6,Carrier A,9.034418,Supplier 4,Delhi,29,798,23,91.780027,Pass,3.368523,Sea,Route A,580.268672
haircare,SKU383,60.364004,7,988,1122.449318,Male,0,17,27,5,Carrier A,5.294079,Supplier 4,Mumbai,19,970,12,2.058132,Pass,4.440174,Sea,Route A,291.378346
cosmetics,SKU384,51.63178,20,433,2783.40013,Non-binary,52,6,69,9,Carrier B,7.508139,Supplier 2,Bangalore,28,700,7,4.258162,Pending,0.150636,Road,Route A,996.027904
skincare,SKU385,20.956714,35,323,6425.057237,Unknown,98,8,26,10,Carrier B,4.856531,Supplier 4,Chennai,25,507,15,25.293151,Pending,3.152893,Sea,Route A,489.632165
skincare,SKU386,75.036421,42,696,7171.833425,Non-binary,43,9,2,3,Carrier A,1.112365,Supplier 1,Chennai,20,823,25,90.942202,Pass,1.45673,Air,Route A,966.381304
haircare,SKU387,81.92552,5,48,6445.676647,Non-binary,75,21,56,5,Carrier B,9.730309,Supplier 3,Delhi,4,966,12,38.336539,Pending,1.923204,Sea,Route B,129.916105
skincare,SKU388,97.163303,20,971,6743.909982,Non-binary,78,11,59,3,Carrier B,3.344417,Supplier 2,Bangalore,14,603,3,4.856483,Pass,4.341488,Air,Route A,127.499812
cosmetics,SKU389,20.305931,25,535,6963.88506,Non-binary,24,25,82,9,Carrier B,4.151704,Supplier 2,Delhi,7,645,4,53.501054,Pass,3.972817,Rail,Route A,789.438411
skincare,SKU390,6.033495,36,834,7570.742381,Male,65,5,37,5,Carrier C,4.521308,Supplier 3,Delhi,13,388,6,40.291936,Pass,1.06378,Road,Route A,824.58005
cosmetics,SKU391,10.147855,29,788,5056.604212,Non-binary,77,16,75,4,Carrier C,1.743113,Supplier 2,Bangalore,27,316,11,41.458939,Fail,1.851398,Sea,Route A,371.13295
haircare,SKU392,88.944013,88,912,5349.695461,Female,46,5,92,4,Carrier B,7.434502,Supplier 1,Bangalore,13,626,25,3.802053,Pending,1.980762,Road,Route C,476.645082
haircare,SKU393,26.473631,87,211,8576.258648,Male,94,11,83,9,Carrier C,3.393545,Supplier 4,Chennai,2,808,23,94.83034,Pending,0.574625,Sea,Route B,640.557318
skincare,SKU394,12.97885,24,499,3248.849264,Female,93,15,81,9,Carrier B,9.722607,Supplier 5,Mumbai,6,852,30,16.120007,Pending,4.214645,Air,Route A,297.918688
haircare,SKU395,56.444296,13,812,4835.771538,Unknown,76,28,80,9,Carrier B,4.905541,Supplier 1,Kolkata,3,396,26,30.420426,Pass,4.241541,Road,Route A,872.34569
skincare,SKU396,66.653103,8,296,3388.84472,Non-binary,85,6,36,2,Carrier A,9.872562,Supplier 4,Chennai,20,627,21,59.741879,Pending,0.338877,Road,Route C,621.412195
cosmetics,SKU397,79.314187,34,276,8434.88562,Unknown,55,30,94,1,Carrier B,1.976016,Supplier 3,Bangalore,15,608,28,80.56054,Pending,3.094354,Sea,Route A,169.03203
haircare,SKU398,17.671134,69,682,5582.111066,Male,52,24,65,3,Carrier C,1.948555,Supplier 1,Chennai,1,659,6,74.098914,Pass,3.225393,Rail,Route B,301.240166
cosmetics,SKU399,26.782602,20,348,3178.681627,Female,10,26,33,4,Carrier B,3.4183,Supplier 1,Bangalore,19,190,18,17.343899,Pending,3.538407,Sea,Route A,112.342406
haircare,SKU400,67.812153,35,573,6153.66407,Unknown,52,9,49,3,Carrier C,6.049253,Supplier 4,Bangalore,21,674,10,23.310817,Fail,4.939898,Rail,Route C,638.792516
skincare,SKU401,63.926045,78,260,1300.12282,Female,82,22,91,1,Carrier B,6.993306,Supplier 3,Delhi,17,652,2,15.974476,Pass,0.341058,Road,Route A,373.584365
haircare,SKU402,79.021787,61,316,8376.50333,Non-binary,10,24,21,1,Carrier B,9.429943,Supplier 4,Kolkata,23,704,13,80.133931,Pending,4.342234,Air,Route B,566.711892
cosmetics,SKU403,95.724867,53,293,7995.408423,Non-binary,33,8,82,10,Carrier B,1.703018,Supplier 2,Kolkata,23,955,7,19.769584,Pending,0.9547,Sea,Route A,389.238872
haircare,SKU404,28.08871,81,471,2797.848731,Unknown,43,27,19,2,Carrier A,6.826212,Supplier 3,Kolkata,28,899,3,3.020811,Pass,4.894694,Rail,Route C,242.019725
skincare,SKU405,87.567379,39,853,8026.259766,Unknown,50,11,67,3,Carrier B,5.775419,Supplier 5,Kolkata,20,306,13,81.24332,Pass,3.551251,Rail,Route A,170.192626
cosmetics,SKU406,96.11255,38,896,1566.277442,Female,23,2,53,10,Carrier C,7.670545,Supplier 4,Chennai,1,738,2,41.278792,Pass,4.809462,Road,Route B,802.148133
haircare,SKU407,10.021772,46,975,6020.724904,Male,62,12,27,3,Carrier A,1.291516,Supplier 4,Bangalore,23,651,17,35.526106,Pending,1.445936,Rail,Route A,131.543229
haircare,SKU408,41.608,93,35,4781.140417,Unknown,53,11,47,1,Carrier B,7.210404,Supplier 1,Bangalore,27,642,19,69.446227,Fail,3.518869,Rail,Route A,380.923671
cosmetics,SKU409,2.325772,54,479,8803.901396,Female,22,25,27,5,Carrier C,7.244216,Supplier 5,Kolkata,5,504,2,43.604018,Pending,1.845806,Air,Route C,263.392391
skincare,SKU410,92.713,25,974,6534.544933,Male,67,4,3,1,Carrier C,2.122301,Supplier 1,Delhi,25,966,21,69.073344,Pending,1.586658,Sea,Route C,115.294879
skincare,SKU411,87.302184,89,574,2793.898396,Unknown,44,12,87,6,Carrier C,1.086371,Supplier 3,Mumbai,18,275,1,48.703554,Pending,2.386981,Sea,Route B,180.377754
skincare,SKU412,79.292259,47,467,9023.721901,Non-binary,73,1,69,10,Carrier C,4.625886,Supplier 3,Mumbai,4,274,10,51.930094,Fail,0.66779,Road,Route A,292.205587
skincare,SKU413,50.559613,62,308,1909.326887,Unknown,5,21,72,1,Carrier C,5.74,Supplier 1,Delhi,28,581,10,30.934089,Pending,4.697661,Air,Route A,472.903838
haircare,SKU414,18.895093,100,30,3210.456923,Male,55,12,61,8,Carrier A,6.373764,Supplier 4,Mumbai,25,858,10,67.973317,Pending,4.199006,Rail,Route A,648.123642
skincare,SKU415,40.813076,55,662,5897.915448,Female,98,1,52,1,Carrier B,8.859568,Supplier 5,Chennai,5,356,13,19.161432,Pending,2.460681,Rail,Route B,348.291144
haircare,SKU416,61.989425,23,903,9591.706246,Unknown,22,20,13,10,Carrier A,3.073614,Supplier 4,Delhi,14,568,15,37.776014,Pending,4.08516,Road,Route B,349.430397
cosmetics,SKU417,95.043052,68,756,7955.673685,Female,51,18,85,10,Carrier B,1.899318,Supplier 5,Delhi,10,398,16,68.161486,Fail,0.355534,Rail,Route B,760.009979
haircare,SKU418,64.699156,31,970,7266.579041,Unknown,57,6,86,2,Carrier B,4.851169,Supplier 1,Delhi,1,610,27,4.863673,Fail,0.966686,Air,Route B,680.603594
haircare,SKU419,50.081403,7,987,3443.586094,Male,64,30,41,2,Carrier B,7.974894,Supplier 4,Kolkata,8,845,3,90.608805,Fail,1.428085,Sea,Route C,765.100231
skincare,SKU420,36.066519,3,588,7037.515866,Female,43,24,75,3,Carrier A,3.511206,Supplier 3,Delhi,7,170,16,68.621802,Pending,1.948198,Road,Route B,992.009304
haircare,SKU421,4.222655,94,949,8574.308683,Male,74,25,86,1,Carrier B,2.367242,Supplier 2,Mumbai,4,543,27,37.006961,Fail,4.871718,Road,Route A,659.631734
cosmetics,SKU422,25.574754,9,664,7311.544102,Female,97,9,3,10,Carrier C,1.407088,Supplier 2,Chennai,17,539,9,59.593337,Pass,1.282847,Air,Route A,149.986921
skincare,SKU423,95.77483,71,540,5872.096766,Non-binary,94,9,93,3,Carrier B,4.977085,Supplier 5,Kolkata,17,532,18,69.438234,Fail,0.019359,Road,Route B,605.054493
skincare,SKU424,90.31516,50,875,6292.838319,Female,84,27,3,5,Carrier B,1.325269,Supplier 4,Chennai,16,223,23,76.989177,Pending,3.938739,Rail,Route B,527.026063
haircare,SKU425,94.641561,39,893,6729.288415,Non-binary,53,22,95,9,Carrier A,1.521331,Supplier 3,Chennai,17,945,27,68.247619,Pending,4.869638,Air,Route A,398.820183
cosmetics,SKU426,60.189554,52,208,2365.165098,Non-binary,57,21,93,7,Carrier C,7.901477,Supplier 4,Mumbai,3,834,22,72.220309,Pending,3.613166,Rail,Route B,345.621177
haircare,SKU427,21.02817,20,932,9164.442908,Unknown,66,7,95,1,Carrier B,9.387501,Supplier 4,Mumbai,24,519,7,12.820253,Fail,2.970476,Road,Route A,638.461945
skincare,SKU428,86.065034,66,626,9085.216167,Male,94,10,45,5,Carrier B,4.932009,Supplier 1,Chennai,15,509,9,18.568884,Pending,4.787518,Road,Route A,857.620712
skincare,SKU429,49.3039,54,817,1843.964298,Female,46,25,83,3,Carrier B,5.906321,Supplier 1,Bangalore,14,584,20,48.516965,Fail,3.355013,Sea,Route A,930.823143
cosmetics,SKU430,50.113925,10,687,2871.898682,Non-binary,34,13,69,1,Carrier A,6.096531,Supplier 4,Kolkata,8,300,11,66.801324,Pass,1.109493,Air,Route B,759.274182
skincare,SKU431,90.427069,1,101,8957.283273,Unknown,75,3,61,2,Carrier B,4.68417,Supplier 3,Kolkata,26,873,5,79.656587,Fail,0.573834,Road,Route B,155.810654
cosmetics,SKU432,94.833675,80,380,1338.190934,Male,9,3,23,1,Carrier C,6.830589,Supplier 2,Delhi,3,589,22,8.357748,Fail,0.161682,Sea,Route A,557.674413
skincare,SKU433,47.900218,61,906,2818.396523,Non-binary,33,20,17,2,Carrier A,2.948262,Supplier 5,Kolkata,15,576,18,27.817409,Fail,2.486159,Sea,Route A,251.330902
haircare,SKU434,73.298943,17,813,8318.659908,Non-binary,75,14,21,9,Carrier B,2.618481,Supplier 2,Mumbai,11,623,16,50.457722,Pending,3.902996,Rail,Route B,889.409905
skincare,SKU435,18.5275,30,524,1761.315071,Non-binary,19,22,13,1,Carrier B,6.082623,Supplier 4,Delhi,17,531,6,9.191975,Pending,1.261867,Air,Route A,514.18402
haircare,SKU436,40.558751,52,20,8015.327436,Non-binary,67,26,61,7,Carrier B,6.630021,Supplier 2,Bangalore,4,785,13,56.240288,Fail,1.933314,Rail,Route A,575.862509
skincare,SKU437,30.846199,4,160,8714.493729,Female,95,1,55,6,Carrier B,5.35455,Supplier 5,Bangalore,30,169,26,32.345048,Pending,3.284734,Rail,Route A,397.79981
haircare,SKU438,7.040423,16,353,3590.459977,Male,96,10,45,9,Carrier A,3.582573,Supplier 1,Mumbai,24,490,13,99.385021,Pending,2.553456,Rail,Route B,755.33935
skincare,SKU439,15.879868,50,260,1109.431391,Non-binary,28,27,2,3,Carrier B,7.423731,Supplier 3,Mumbai,23,178,12,21.715921,Pass,2.44142,Road,Route A,394.683948
cosmetics,SKU440,37.898027,28,785,3598.202989,Unknown,32,22,45,4,Carrier A,3.284737,Supplier 5,Kolkata,21,763,25,10.09038,Fail,2.776779,Rail,Route A,682.49074
skincare,SKU441,93.481584,12,576,2935.114723,Unknown,97,16,84,3,Carrier B,5.460234,Supplier 2,Chennai,17,779,4,46.181535,Pending,1.933417,Road,Route A,722.396777
skincare,SKU442,13.568794,23,646,6673.113686,Male,63,12,76,10,Carrier C,3.341365,Supplier 1,Chennai,29,716,2,1.442736,Pass,3.488956,Rail,Route C,193.235045
skincare,SKU443,63.437637,23,351,5294.758426,Female,2,29,96,9,Carrier B,8.617499,Supplier 1,Mumbai,21,974,25,99.466749,Pending,1.033682,Air,Route B,564.313335
haircare,SKU444,88.748184,87,605,8134.843752,Male,85,5,44,1,Carrier A,6.637681,Supplier 1,Kolkata,27,573,13,60.271511,Fail,2.480553,Rail,Route B,976.690047
haircare,SKU445,9.377849,57,680,4864.981104,Female,98,19,13,5,Carrier C,5.715087,Supplier 5,Delhi,18,252,26,48.722551,Pending,4.558347,Rail,Route A,291.429079
cosmetics,SKU446,50.553616,75,932,2886.981386,Non-binary,28,4,43,6,Carrier A,9.816369,Supplier 4,Chennai,25,455,20,86.853086,Pending,2.71329,Rail,Route A,725.924055
skincare,SKU447,58.907018,43,181,3486.519942,Unknown,57,21,59,8,Carrier B,7.568411,Supplier 1,Kolkata,22,298,11,49.760393,Pass,2.278617,Air,Route A,357.146731
skincare,SKU448,86.352923,66,334,3196.259351,Non-binary,16,27,5,7,Carrier C,4.690733,Supplier 1,Kolkata,27,500,17,39.94759,Pending,4.125111,Air,Route B,240.001744
skincare,SKU449,16.34325,100,227,9392.266352,Unknown,53,18,65,4,Carrier B,9.872983,Supplier 3,Delhi,20,463,25,20.004102,Pass,4.785499,Air,Route A,636.351425
skincare,SKU450,92.104254,33,497,6048.68096,Unknown,69,9,56,5,Carrier C,2.63027,Supplier 1,Kolkata,13,774,1,15.301942,Fail,4.420767,Rail,Route C,171.939912
skincare,SKU451,52.988215,59,72,2417.820062,Non-binary,9,6,88,7,Carrier A,8.73088,Supplier 1,Kolkata,29,226,16,20.288046,Pass,1.475481,Road,Route A,231.00778
haircare,SKU452,7.02492,52,742,8107.29355,Unknown,52,4,73,8,Carrier C,7.508262,Supplier 4,Kolkata,14,812,25,20.767275,Pass,4.366338,Sea,Route C,771.664727
skincare,SKU453,33.27407,77,278,6926.088756,Male,31,13,44,7,Carrier C,4.137918,Supplier 4,Bangalore,23,643,1,96.411123,Fail,0.347492,Air,Route B,662.046284
skincare,SKU454,38.624402,39,206,4314.921777,Male,94,22,73,1,Carrier B,5.302592,Supplier 1,Chennai,25,182,16,89.522554,Pending,1.849228,Air,Route C,279.062886
skincare,SKU455,57.885749,43,332,9195.643613,Female,71,8,94,2,Carrier A,2.639094,Supplier 2,Delhi,28,277,4,17.606914,Fail,4.583098,Air,Route B,135.891881
cosmetics,SKU456,17.947143,17,786,4230.185059,Unknown,28,7,79,7,Carrier C,8.606994,Supplier 2,Chennai,27,493,21,69.187076,Fail,0.499697,Air,Route A,255.502753
skincare,SKU457,79.72535,65,442,9371.588967,Male,11,18,20,8,Carrier C,8.043399,Supplier 5,Mumbai,1,705,13,69.51504,Pass,2.353071,Rail,Route B,882.161277
haircare,SKU458,33.342263,5,718,6503.566148,Female,65,20,65,7,Carrier B,7.986993,Supplier 4,Delhi,29,417,29,20.82782,Fail,1.947724,Road,Route A,236.357329
skincare,SKU459,65.20828,18,747,7166.139392,Female,17,12,35,7,Carrier B,8.212933,Supplier 1,Bangalore,15,585,1,56.714648,Pending,2.989382,Rail,Route B,915.76121
haircare,SKU460,92.993472,22,808,3280.938678,Female,85,19,86,9,Carrier B,3.393481,Supplier 4,Delhi,16,945,28,40.897973,Pending,1.198873,Air,Route C,767.351972
cosmetics,SKU461,6.315582,89,523,5645.777685,Non-binary,74,22,69,10,Carrier C,2.976004,Supplier 3,Chennai,21,828,20,96.602028,Pass,2.58463,Air,Route B,868.24668
cosmetics,SKU462,5.28051,62,499,4603.595734,Non-binary,42,15,64,9,Carrier A,8.073047,Supplier 5,Kolkata,5,865,19,32.696524,Pass,1.866288,Air,Route B,724.465077
skincare,SKU463,84.758424,24,219,9537.673025,Unknown,63,11,91,1,Carrier C,5.441545,Supplier 4,Bangalore,5,852,22,15.708957,Pending,3.156985,Rail,Route A,815.043109
haircare,SKU464,84.866956,18,957,2388.227037,Unknown,89,21,67,5,Carrier B,1.525357,Supplier 3,Chennai,3,484,30,67.000508,Pass,2.70575,Air,Route A,736.118056
skincare,SKU465,72.413782,100,948,6088.528528,Male,8,28,61,10,Carrier A,2.085003,Supplier 4,Kolkata,22,639,30,13.325442,Pass,1.836996,Air,Route B,658.511518
cosmetics,SKU466,63.307095,3,594,8621.71417,Female,67,6,15,10,Carrier C,1.90222,Supplier 2,Kolkata,18,517,29,51.695816,Pass,0.495931,Rail,Route B,306.694624
skincare,SKU467,24.765848,71,377,7384.533437,Male,90,4,21,9,Carrier B,6.156048,Supplier 4,Bangalore,9,649,28,65.801568,Pass,0.466351,Air,Route B,541.270652
cosmetics,SKU468,69.989325,18,501,3047.507366,Unknown,44,7,52,7,Carrier A,9.925983,Supplier 1,Mumbai,14,580,6,25.794426,Pass,4.173309,Sea,Route A,347.68195
haircare,SKU469,28.525299,36,482,8653.437989,Female,46,8,6,2,Carrier B,9.181958,Supplier 4,Bangalore,18,867,2,87.093123,Pass,0.726686,Air,Route B,252.079733
haircare,SKU470,36.364888,6,836,4706.740851,Unknown,19,25,77,7,Carrier B,3.64186,Supplier 2,Mumbai,22,619,24,80.839891,Pass,4.177219,Rail,Route A,902.471713
skincare,SKU471,77.552769,53,243,9172.998668,Male,32,8,29,1,Carrier C,3.671625,Supplier 2,Delhi,16,500,23,47.193178,Pending,0.322578,Air,Route C,262.46275
haircare,SKU472,42.439853,53,216,9343.822804,Female,4,10,42,7,Carrier B,9.122345,Supplier 3,Delhi,10,251,27,77.534338,Pass,1.455,Rail,Route B,258.53691
cosmetics,SKU473,88.222377,89,985,6619.943608,Non-binary,57,9,93,9,Carrier A,4.738495,Supplier 5,Mumbai,5,252,21,62.242866,Fail,2.573147,Rail,Route A,593.644639
haircare,SKU474,59.875863,80,732,7110.869573,Non-binary,74,27,79,4,Carrier B,2.747996,Supplier 3,Chennai,2,246,16,7.772775,Pass,2.18688,Road,Route B,763.185968
haircare,SKU475,67.28405,100,810,3446.567584,Unknown,5,21,6,2,Carrier A,2.452471,Supplier 2,Mumbai,14,623,15,53.877147,Fail,3.27568,Road,Route A,590.304886
skincare,SKU476,37.115797,23,874,9862.788473,Unknown,86,7,25,3,Carrier B,5.85445,Supplier 5,Delhi,2,657,1,82.368655,Pending,1.976877,Road,Route B,697.965351
cosmetics,SKU477,27.741505,91,689,1215.65383,Male,86,24,33,1,Carrier C,8.759353,Supplier 2,Kolkata,5,118,14,65.614371,Pending,3.955503,Sea,Route B,789.092126
haircare,SKU478,96.841656,67,728,4633.742234,Female,31,15,52,7,Carrier B,7.879751,Supplier 4,Bangalore,5,309,7,59.572984,Fail,2.416246,Rail,Route B,994.371724
haircare,SKU479,99.001845,61,464,5518.078802,Female,87,29,40,1,Carrier B,3.607786,Supplier 3,Chennai,21,727,28,28.205728,Pending,0.954241,Road,Route C,339.548861
skincare,SKU480,10.290866,30,582,1938.759279,Unknown,22,16,51,4,Carrier B,8.647841,Supplier 4,Delhi,16,262,29,85.699948,Pass,0.660785,Rail,Route C,514.814498
haircare,SKU481,61.83292,100,301,1262.18414,Male,81,26,74,4,Carrier B,3.0043,Supplier 4,Kolkata,17,472,21,28.701346,Pending,4.886165,Road,Route B,379.938093
skincare,SKU482,64.954845,52,127,4442.726276,Non-binary,88,29,62,7,Carrier C,3.431814,Supplier 3,Delhi,9,506,11,91.10833,Pass,0.148202,Air,Route A,397.438396
haircare,SKU483,83.983818,34,127,4950.148232,Non-binary,44,26,68,4,Carrier B,6.371902,Supplier 1,Bangalore,23,570,25,9.330924,Fail,0.770091,Sea,Route B,547.670324
skincare,SKU484,19.150046,36,438,4716.380711,Male,99,23,79,6,Carrier A,8.975455,Supplier 3,Chennai,5,845,16,43.495764,Fail,4.803844,Air,Route C,820.647599
skincare,SKU485,15.095663,75,140,8479.660171,Female,19,28,25,10,Carrier C,7.041037,Supplier 2,Bangalore,4,208,24,93.099525,Pending,3.201607,Sea,Route A,995.575224
skincare,SKU486,64.631866,77,199,8136.429867,Non-binary,81,18,81,10,Carrier B,8.473407,Supplier 3,Kolkata,22,808,13,31.75907,Fail,1.549349,Rail,Route B,193.882868
haircare,SKU487,20.216476,3,793,1580.286478,Female,69,1,5,9,Carrier B,3.855426,Supplier 1,Delhi,1,670,22,18.816204,Fail,3.412865,Rail,Route A,588.934796
haircare,SKU488,58.421966,31,533,8247.675836,Female,46,13,62,3,Carrier C,9.030861,Supplier 1,Mumbai,7,777,1,26.614684,Fail,4.034266,Sea,Route A,188.731639
skincare,SKU489,2.272649,58,219,2586.893545,Female,60,19,21,2,Carrier A,6.876433,Supplier 3,Delhi,9,697,20,2.569814,Fail,0.226815,Road,Route B,206.281611
haircare,SKU490,20.364883,27,339,5090.217431,Unknown,58,26,82,10,Carrier C,8.309013,Supplier 2,Bangalore,7,691,13,62.350165,Pass,1.613805,Air,Route C,605.706403
cosmetics,SKU491,45.472759,58,856,1213.506868,Unknown,11,20,79,6,Carrier B,2.938636,Supplier 1,Bangalore,5,280,23,3.2429,Fail,4.769972,Air,Route A,244.198841
cosmetics,SKU492,6.185035,12,973,4398.079229,Male,37,1,83,2,Carrier C,9.556355,Supplier 3,Chennai,7,798,28,84.245593,Fail,3.694191,Road,Route A,356.920351
skincare,SKU493,12.354052,25,803,1565.860876,Unknown,5,21,59,9,Carrier C,6.301992,Supplier 3,Mumbai,5,363,16,83.271024,Pass,2.672515,Rail,Route C,622.888553
skincare,SKU494,29.426199,7,845,7843.916333,Female,88,17,68,1,Carrier C,2.234711,Supplier 4,Chennai,1,347,10,5.314918,Pending,3.641128,Air,Route A,930.630155
skincare,SKU495,59.374597,8,464,4266.901207,Non-binary,54,21,37,6,Carrier A,8.40152,Supplier 1,Mumbai,5,639,28,77.97634,Pending,1.289257,Rail,Route A,361.596693
skincare,SKU496,64.705285,67,956,3757.977798,Female,32,21,78,1,Carrier A,9.897611,Supplier 1,Kolkata,7,664,10,32.880476,Pass,3.55182,Air,Route B,313.353614
skincare,SKU497,76.476634,48,423,6217.172387,Female,30,19,63,2,Carrier B,2.985174,Supplier 3,Delhi,9,927,11,21.633841,Pending,3.977805,Air,Route B,525.281919
skincare,SKU498,80.882739,76,137,5138.598939,Non-binary,67,25,72,8,Carrier A,9.690692,Supplier 4,Kolkata,1,424,6,65.588229,Pending,4.274382,Road,Route C,738.516581
skincare,SKU499,27.810585,59,445,8930.79196,Female,70,29,45,8,Carrier B,6.518434,Supplier 3,Chennai,20,392,25,69.46524,Pass,4.705296,Rail,Route A,642.52703
haircare,SKU500,95.299871,32,853,1149.540347,Unknown,91,24,1,6,Carrier A,3.598999,Supplier 3,Bangalore,25,967,20,29.331906,Fail,0.695167,Rail,Route B,139.286234
cosmetics,SKU501,76.823134,31,104,3532.432039,Unknown,62,21,72,6,Carrier B,1.622555,Supplier 1,Bangalore,2,285,26,16.101089,Pending,1.641293,Sea,Route A,387.23951
haircare,SKU502,16.043384,3,235,2871.829287,Male,16,18,84,9,Carrier B,3.026375,Supplier 5,Mumbai,29,433,20,6.546104,Fail,1.284017,Air,Route B,661.312319
haircare,SKU503,66.168041,95,824,1935.637786,Non-binary,46,12,9,1,Carrier B,5.310762,Supplier 3,Mumbai,15,167,4,34.722374,Pending,3.108557,Air,Route A,388.956698
haircare,SKU504,41.81786,93,981,8593.280437,Unknown,1,11,38,8,Carrier B,6.205254,Supplier 2,Kolkata,2,549,1,55.282245,Fail,4.904957,Rail,Route B,884.649057
haircare,SKU505,52.755311,83,23,1563.54783,Unknown,55,27,34,10,Carrier B,8.076163,Supplier 4,Kolkata,4,633,15,60.988416,Pass,2.639294,Rail,Route A,782.907562
skincare,SKU506,98.451868,43,497,7119.762732,Unknown,27,2,59,9,Carrier A,2.054292,Supplier 3,Delhi,3,334,10,14.065332,Pending,3.207289,Air,Route A,243.823455
haircare,SKU507,78.106869,86,585,4430.472251,Non-binary,67,5,15,6,Carrier C,3.775278,Supplier 4,Bangalore,8,317,15,9.516358,Pass,4.396194,Road,Route B,356.807469
haircare,SKU508,13.993153,27,606,3729.040498,Non-binary,72,15,89,6,Carrier A,7.544023,Supplier 5,Mumbai,19,646,10,50.018624,Pass,3.374603,Road,Route B,135.035807
cosmetics,SKU509,19.856337,54,66,2630.082313,Female,92,19,58,2,Carrier B,2.487118,Supplier 5,Mumbai,7,560,5,9.539017,Pass,1.689045,Rail,Route C,588.983151
haircare,SKU510,49.722358,18,267,3226.254341,Female,55,1,3,6,Carrier B,2.918109,Supplier 3,Mumbai,1,656,14,97.237963,Fail,3.359896,Rail,Route B,288.719354
skincare,SKU511,61.002916,41,757,5987.996534,Female,66,10,51,3,Carrier A,3.702292,Supplier 1,Kolkata,1,734,13,43.333514,Fail,0.891041,Rail,Route B,239.895888
haircare,SKU512,17.116233,49,811,2804.856123,Unknown,90,23,79,1,Carrier B,9.75129,Supplier 4,Kolkata,1,247,18,52.313165,Fail,0.253008,Road,Route B,691.471242
skincare,SKU513,74.711099,74,802,4644.516257,Female,10,1,90,4,Carrier B,5.319848,Supplier 3,Mumbai,1,612,11,25.215306,Fail,2.609684,Air,Route B,852.725749
haircare,SKU514,11.192596,78,338,1899.294752,Unknown,33,24,45,7,Carrier B,3.176341,Supplier 4,Mumbai,13,145,28,13.794644,Pending,1.146283,Road,Route A,377.094001
cosmetics,SKU515,51.641722,17,830,2374.950829,Unknown,81,29,17,8,Carrier A,9.790903,Supplier 5,Kolkata,1,607,15,97.354289,Fail,4.744593,Rail,Route B,564.563254
haircare,SKU516,62.172674,4,204,9070.864869,Non-binary,9,10,79,8,Carrier C,1.826537,Supplier 5,Delhi,26,427,28,18.895408,Pending,2.418745,Sea,Route A,430.590905
skincare,SKU517,62.796489,33,870,2954.905721,Non-binary,89,13,90,2,Carrier C,1.157779,Supplier 4,Mumbai,10,655,21,20.151012,Pending,3.075649,Rail,Route B,125.275993
cosmetics,SKU518,93.035877,51,500,6381.042961,Male,57,12,39,10,Carrier A,3.556511,Supplier 4,Bangalore,2,200,19,76.233903,Pass,1.23928,Air,Route B,430.625533
haircare,SKU519,62.111857,21,341,9239.142586,Male,16,17,12,9,Carrier B,7.28421,Supplier 4,Bangalore,21,292,18,66.461206,Pass,4.751613,Rail,Route A,181.02906
skincare,SKU520,22.753527,50,270,6834.795012,Non-binary,75,20,55,1,Carrier C,3.882424,Supplier 2,Bangalore,3,700,24,69.337252,Pending,1.262477,Rail,Route B,773.487244
cosmetics,SKU521,86.599027,34,459,8707.133617,Female,60,30,37,2,Carrier B,5.298783,Supplier 3,Kolkata,18,229,19,36.871282,Fail,0.067273,Sea,Route A,672.828882
haircare,SKU522,50.526454,32,780,2946.298199,Male,76,5,73,4,Carrier A,9.142495,Supplier 5,Kolkata,4,743,2,85.648,Pass,3.251789,Rail,Route C,753.372064
skincare,SKU523,15.114712,65,470,8127.662617,Female,55,27,60,3,Carrier B,2.179171,Supplier 2,Kolkata,20,305,4,80.318716,Pending,4.534363,Road,Route C,615.014434
cosmetics,SKU524,71.175607,90,271,9533.431489,Unknown,2,28,88,10,Carrier A,3.870691,Supplier 4,Delhi,8,257,27,85.793285,Fail,1.854562,Road,Route A,717.284032
cosmetics,SKU525,32.402566,23,55,6918.014207,Non-binary,67,18,41,3,Carrier C,1.266352,Supplier 4,Chennai,28,329,10,37.998016,Pending,4.465296,Rail,Route A,688.900508
haircare,SKU526,48.563148,32,420,2163.826827,Unknown,7,22,74,1,Carrier A,4.830629,Supplier 5,Mumbai,10,224,18,10.532621,Pending,4.475829,Sea,Route B,201.226387
haircare,SKU527,75.662411,20,16,1095.762597,Non-binary,26,5,28,3,Carrier B,6.065976,Supplier 4,Mumbai,7,758,3,75.962763,Pass,1.85303,Rail,Route A,723.253636
skincare,SKU528,80.732928,46,226,4502.539918,Unknown,9,18,55,9,Carrier B,4.809394,Supplier 5,Chennai,23,327,3,61.375219,Pending,3.182482,Air,Route A,276.285829
skincare,SKU529,91.218353,32,752,2015.576589,Male,31,2,91,4,Carrier C,1.379893,Supplier 5,Delhi,2,502,3,3.524473,Pending,2.287894,Air,Route B,617.907169
haircare,SKU530,47.207746,81,220,3740.897769,Unknown,5,3,25,3,Carrier B,4.817555,Supplier 5,Chennai,2,109,7,65.435029,Fail,0.846874,Road,Route A,366.618242
skincare,SKU531,7.586395,1,325,2937.053364,Female,40,2,76,3,Carrier B,1.791003,Supplier 5,Bangalore,1,506,5,47.519741,Fail,4.160505,Road,Route A,885.905898
haircare,SKU532,93.571891,47,916,1211.649285,Unknown,37,5,90,5,Carrier B,5.960781,Supplier 1,Delhi,28,959,19,52.229633,Pending,3.256027,Road,Route A,737.955504
skincare,SKU533,13.635895,40,846,7134.386073,Unknown,84,22,14,5,Carrier A,3.854473,Supplier 3,Kolkata,8,409,18,83.08799,Fail,3.833754,Air,Route C,800.451931
skincare,SKU534,42.262998,73,613,6775.146535,Female,50,27,91,5,Carrier B,6.312253,Supplier 5,Bangalore,7,105,11,1.115467,Pending,1.365238,Rail,Route B,596.470611
haircare,SKU535,86.087703,33,931,6802.070501,Female,32,20,78,8,Carrier C,6.189594,Supplier 2,Chennai,25,719,26,55.205459,Fail,2.184733,Sea,Route A,233.468643
haircare,SKU536,67.733819,71,66,3244.907269,Male,0,22,85,7,Carrier B,8.387163,Supplier 1,Kolkata,30,587,25,88.315763,Pass,1.402518,Rail,Route A,670.213334
haircare,SKU537,76.648346,17,591,8046.366885,Female,94,19,38,3,Carrier A,8.178762,Supplier 3,Bangalore,13,368,8,24.293782,Fail,0.435949,Rail,Route B,673.379888
skincare,SKU538,6.795936,98,99,5063.063759,Female,93,20,56,9,Carrier B,4.501969,Supplier 5,Delhi,23,444,22,78.377694,Pending,2.287931,Rail,Route B,454.437518
skincare,SKU539,78.26587,6,747,8681.232272,Non-binary,77,16,72,2,Carrier B,5.268042,Supplier 3,Kolkata,5,590,11,52.145048,Pending,0.020956,Sea,Route A,638.511685
cosmetics,SKU540,58.619396,10,16,2924.636632,Unknown,76,23,59,1,Carrier B,5.056169,Supplier 4,Mumbai,26,284,25,79.887861,Pass,4.921753,Road,Route A,297.26158
skincare,SKU541,19.583364,65,684,3491.323188,Male,98,8,18,8,Carrier C,1.619425,Supplier 1,Mumbai,26,214,10,59.225519,Fail,0.51644,Air,Route B,941.496894
cosmetics,SKU542,18.736668,1,252,4481.01289,Unknown,4,26,34,3,Carrier B,9.374615,Supplier 3,Kolkata,4,748,25,69.540343,Pass,0.252755,Road,Route A,895.609579
skincare,SKU543,45.779102,75,763,7717.495818,Unknown,27,26,54,5,Carrier B,4.815986,Supplier 1,Bangalore,15,912,14,70.011245,Fail,1.90279,Air,Route C,867.228153
cosmetics,SKU544,34.3623,6,173,4339.460353,Male,32,7,79,2,Carrier A,1.773624,Supplier 1,Bangalore,7,257,12,76.052886,Pending,0.832034,Rail,Route A,491.075728
skincare,SKU545,68.880311,95,191,3737.017759,Female,78,29,47,5,Carrier B,8.561234,Supplier 5,Delhi,27,869,15,25.386471,Fail,4.365638,Road,Route A,887.200987
skincare,SKU546,95.813426,16,586,3841.886844,Male,94,1,19,7,Carrier C,7.706329,Supplier 1,Kolkata,26,595,23,27.660086,Pending,4.886909,Rail,Route A,171.206647
haircare,SKU547,31.66796,58,607,9328.68527,Female,59,15,23,7,Carrier A,2.120537,Supplier 1,Chennai,6,685,4,96.71343,Fail,0.784901,Air,Route B,238.272747
cosmetics,SKU548,80.921239,64,336,7151.014825,Unknown,6,6,71,10,Carrier C,6.443992,Supplier 3,Kolkata,7,222,20,22.117792,Fail,1.724012,Road,Route C,656.604342
cosmetics,SKU549,13.794088,75,437,3078.307829,Unknown,71,14,49,4,Carrier B,6.262924,Supplier 2,Chennai,9,116,30,4.165286,Pending,0.847017,Air,Route C,832.186352
haircare,SKU550,37.888034,25,809,2017.005752,Male,75,5,42,7,Carrier C,9.679006,Supplier 4,Delhi,26,956,7,14.130341,Fail,1.442477,Air,Route A,720.972926
skincare,SKU551,43.46283,70,424,1999.232524,Unknown,64,5,53,3,Carrier B,1.397981,Supplier 2,Kolkata,26,113,23,94.095147,Pending,3.887891,Road,Route B,285.702212
haircare,SKU552,51.819508,43,786,5947.331357,Female,35,17,10,5,Carrier B,5.669952,Supplier 1,Mumbai,24,325,16,27.25766,Pass,0.218607,Sea,Route A,984.831515
haircare,SKU553,70.310177,86,285,4614.567736,Female,12,30,36,2,Carrier B,6.628686,Supplier 1,Delhi,25,801,26,91.450522,Pass,2.530475,Road,Route B,791.691514
cosmetics,SKU554,61.975048,46,418,6049.2074,Male,1,14,90,4,Carrier A,2.401239,Supplier 5,Bangalore,21,893,8,26.8264,Fail,1.65768,Rail,Route A,543.13504
cosmetics,SKU555,19.38719,8,677,5245.478766,Non-binary,98,6,95,10,Carrier B,8.086467,Supplier 2,Chennai,30,380,13,86.244318,Pending,1.537212,Air,Route A,737.15144
skincare,SKU556,80.130462,83,340,6198.132066,Male,20,1,70,4,Carrier B,8.842623,Supplier 2,Bangalore,24,677,28,59.443363,Fail,2.317742,Rail,Route C,301.387809
haircare,SKU557,48.466861,46,508,1130.354986,Female,82,20,31,6,Carrier B,3.613452,Supplier 3,Kolkata,6,394,30,3.288433,Fail,0.04274,Rail,Route B,327.365104
cosmetics,SKU558,27.492622,36,228,5328.030246,Non-binary,47,12,38,1,Carrier B,4.588856,Supplier 5,Chennai,3,657,14,96.808519,Pending,3.983493,Air,Route A,508.060874
skincare,SKU559,68.174192,76,473,2634.860475,Unknown,79,4,47,7,Carrier C,9.862208,Supplier 5,Delhi,9,562,11,15.744544,Pending,3.160513,Road,Route A,426.282831
haircare,SKU560,54.028163,75,197,7210.580714,Male,95,22,44,8,Carrier A,8.767615,Supplier 2,Chennai,7,620,5,82.43853,Pass,4.799802,Air,Route A,513.331454
skincare,SKU561,83.746307,82,512,4925.964104,Male,14,28,80,8,Carrier B,1.388122,Supplier 2,Chennai,16,469,21,37.575456,Fail,0.619448,Sea,Route A,138.928129
haircare,SKU562,87.244572,94,409,4882.084316,Unknown,47,29,48,2,Carrier B,8.070809,Supplier 3,Kolkata,6,515,21,6.542046,Pending,1.507007,Road,Route A,869.655697
haircare,SKU563,99.44172,37,232,6935.675348,Female,44,12,48,5,Carrier C,3.503297,Supplier 3,Chennai,26,793,28,72.677263,Fail,4.906592,Rail,Route A,493.405934
cosmetics,SKU564,27.355958,91,293,7444.026495,Unknown,54,6,79,10,Carrier B,2.099749,Supplier 1,Delhi,26,898,26,56.483628,Pending,2.09054,Air,Route A,156.634579
skincare,SKU565,2.375987,46,300,2508.076873,Non-binary,88,17,78,10,Carrier C,3.646375,Supplier 4,Delhi,19,110,24,3.14566,Pending,3.546706,Road,Route C,743.943521
haircare,SKU566,65.612345,33,601,2622.802728,Male,22,11,25,9,Carrier B,3.658776,Supplier 4,Bangalore,2,345,19,96.780202,Pending,0.713469,Road,Route A,567.074589
haircare,SKU567,84.170168,4,280,1503.33595,Unknown,42,7,5,9,Carrier C,2.899565,Supplier 4,Bangalore,23,573,9,10.265419,Pass,4.53858,Road,Route B,500.139389
haircare,SKU568,78.352195,25,463,8569.513184,Male,48,17,91,3,Carrier C,9.556582,Supplier 3,Kolkata,24,742,19,72.598735,Pending,0.878384,Sea,Route B,514.422344
haircare,SKU569,70.661827,48,19,9578.47343,Female,57,2,36,8,Carrier C,5.210221,Supplier 3,Bangalore,2,902,11,27.30882,Pending,3.917781,Road,Route C,179.285529
cosmetics,SKU570,73.770672,57,751,9443.348551,Female,20,24,59,4,Carrier C,8.195641,Supplier 1,Bangalore,3,979,3,22.263535,Pass,0.895048,Road,Route A,987.638386
cosmetics,SKU571,16.172384,65,749,4697.095958,Non-binary,8,23,63,9,Carrier B,9.808013,Supplier 2,Bangalore,25,382,5,22.228539,Pass,4.407722,Rail,Route A,524.227842
cosmetics,SKU572,4.299582,70,943,4653.94349,Female,36,2,74,8,Carrier C,3.146868,Supplier 1,Mumbai,3,858,20,62.640865,Pending,2.933207,Road,Route B,513.253993
haircare,SKU573,34.395476,84,104,2579.25547,Female,23,11,57,6,Carrier B,2.188567,Supplier 4,Kolkata,13,722,20,65.740399,Pending,0.769044,Road,Route B,271.815541
haircare,SKU574,60.06827,42,150,2448.821135,Unknown,22,29,16,9,Carrier A,2.441275,Supplier 5,Mumbai,19,861,9,12.446301,Fail,0.650118,Air,Route B,899.806318
cosmetics,SKU575,69.42989,72,72,9545.252271,Male,77,17,78,7,Carrier B,2.424099,Supplier 2,Delhi,30,654,2,65.34512,Pass,1.363389,Road,Route B,255.843703
skincare,SKU576,64.090132,19,968,6307.1889,Non-binary,12,18,93,7,Carrier B,7.25967,Supplier 1,Chennai,6,289,21,66.239473,Fail,1.349617,Rail,Route B,744.039027
skincare,SKU577,44.328672,90,425,4701.394945,Female,6,30,48,10,Carrier B,2.802424,Supplier 5,Bangalore,13,389,9,51.889718,Fail,3.687325,Rail,Route B,747.116826
haircare,SKU578,27.925337,78,970,1120.372289,Male,42,15,33,8,Carrier C,4.764311,Supplier 1,Delhi,22,575,29,97.667678,Pending,4.211485,Air,Route B,660.961951
skincare,SKU579,19.233857,52,43,2616.037563,Male,41,18,65,10,Carrier B,9.816463,Supplier 2,Delhi,7,870,22,66.635719,Pass,4.404513,Rail,Route B,957.453398
cosmetics,SKU580,27.502633,40,164,5749.239302,Female,94,6,52,7,Carrier A,8.855675,Supplier 3,Kolkata,14,375,11,95.21993,Pending,2.854001,Road,Route B,782.012554
haircare,SKU581,78.488584,60,858,5233.17513,Male,29,6,45,1,Carrier B,6.867292,Supplier 4,Delhi,11,290,25,19.420777,Pending,1.409055,Rail,Route B,762.805961
cosmetics,SKU582,83.443892,44,417,2098.819345,Female,95,15,35,8,Carrier A,7.757788,Supplier 5,Kolkata,23,751,25,47.902365,Pending,3.549523,Rail,Route C,426.650412
skincare,SKU583,58.994603,82,21,9208.563014,Unknown,35,5,45,1,Carrier C,8.272322,Supplier 2,Delhi,10,845,3,84.802718,Fail,2.155364,Air,Route B,661.490998
skincare,SKU584,5.954128,90,546,3332.531775,Male,30,20,48,4,Carrier A,4.565238,Supplier 4,Kolkata,1,245,16,8.075735,Fail,1.908682,Rail,Route B,242.915595
skincare,SKU585,83.276835,69,132,1116.486458,Unknown,78,24,53,7,Carrier C,5.837724,Supplier 1,Delhi,19,270,12,17.943447,Pending,4.175387,Rail,Route B,320.769173
cosmetics,SKU586,46.375719,48,967,4183.654242,Non-binary,27,8,13,5,Carrier A,8.727408,Supplier 1,Delhi,23,487,19,78.730584,Pending,2.904452,Rail,Route B,497.027824
haircare,SKU587,23.986476,64,461,3708.162393,Non-binary,23,6,32,1,Carrier A,1.406394,Supplier 5,Kolkata,2,431,8,3.905673,Fail,3.460846,Air,Route A,773.486282
skincare,SKU588,80.033111,18,399,3181.780818,Male,83,8,17,3,Carrier B,8.891177,Supplier 1,Mumbai,10,242,28,52.614114,Fail,2.790456,Air,Route B,829.097915
haircare,SKU589,1.559507,46,607,6738.97479,Male,35,13,43,7,Carrier C,2.428049,Supplier 4,Mumbai,16,757,1,82.958243,Fail,0.92221,Road,Route B,988.335921
skincare,SKU590,33.341252,95,527,4864.37961,Female,55,6,2,1,Carrier B,3.373105,Supplier 2,Mumbai,26,240,12,63.616214,Pending,1.666804,Road,Route A,331.677877
skincare,SKU591,24.241493,19,282,6838.0717,Non-binary,96,8,65,10,Carrier C,1.708447,Supplier 4,Delhi,23,405,17,38.349977,Fail,0.115307,Rail,Route A,327.544907
skincare,SKU592,68.348471,75,980,2648.673697,Male,97,20,45,6,Carrier B,5.377105,Supplier 3,Mumbai,29,216,1,93.727582,Pending,0.616488,Sea,Route A,568.580654
haircare,SKU593,75.949589,45,566,9078.448713,Unknown,76,17,8,8,Carrier B,7.727697,Supplier 3,Mumbai,22,548,30,56.810496,Pending,2.813517,Sea,Route A,181.762289
haircare,SKU594,38.174176,21,293,5397.358854,Female,98,30,63,10,Carrier B,6.354365,Supplier 4,Kolkata,5,163,2,73.991573,Pending,2.583571,Air,Route B,118.410537
haircare,SKU595,65.754644,54,413,5264.218748,Non-binary,33,16,68,9,Carrier B,8.067901,Supplier 3,Bangalore,18,492,13,57.238594,Fail,1.714091,Road,Route A,958.741375
skincare,SKU596,44.511849,65,592,5603.679347,Female,61,28,5,6,Carrier B,8.109771,Supplier 5,Bangalore,22,615,18,79.527091,Pending,3.19671,Sea,Route A,287.280218
skincare,SKU597,21.263184,64,505,7847.921146,Female,76,18,71,5,Carrier B,4.227105,Supplier 5,Chennai,28,451,18,77.376316,Fail,3.784171,Road,Route A,543.601817
skincare,SKU598,91.957376,26,779,9074.840609,Non-binary,91,21,25,6,Carrier A,1.430676,Supplier 3,Chennai,13,466,7,62.078659,Fail,4.664192,Rail,Route A,446.211721
haircare,SKU599,47.959284,97,140,7855.217878,Non-binary,61,7,27,7,Carrier A,2.573336,Supplier 5,Delhi,19,331,20,30.49551,Fail,1.88655,Air,Route A,766.170835
