Order_ID,Product,Category,Warehouse,Supplier,Order_Date,Delivery_Date,Quantity,Price_per_Unit,Total_Cost,Delivery_Delay_Days,Spoilage_%
ORD1000,Fruits,Perishable,WH_A,Supplier_Z,2024-01-01,2024-01-03,481,79.34,38162.54,2,1.65
ORD1001,Vegetables,Non-Perishable,WH_C,Supplier_X,2024-01-02,2024-01-04,387,26.65,10313.55,2,3.9
ORD1002,Eggs,Perishable,WH_A,Supplier_Z,2024-01-03,2024-01-05,130,97.72,12703.6,2,7.3
ORD1003,Vegetables,Non-Perishable,WH_B,Supplier_Y,2024-01-04,2024-01-06,134,68.4,9165.6,2,8.82
ORD1004,Vegetables,Perishable,WH_B,Supplier_Z,2024-01-05,2024-01-07,179,5.99,1072.21,2,6.71
ORD1005,Bread,Perishable,WH_A,Supplier_X,2024-01-06,2024-01-08,81,29.26,2370.06,2,2.58
ORD1006,Eggs,Non-Perishable,WH_C,Supplier_X,2024-01-07,2024-01-09,161,29.77,4792.97,2,6.75
ORD1007,Eggs,Perishable,WH_A,Supplier_Z,2024-01-08,2024-01-10,217,11.58,2512.86,2,2.97
ORD1008,Eggs,Perishable,WH_C,Supplier_Z,2024-01-09,2024-01-11,58,96.18,5578.4400000000005,2,7.18
ORD1009,Vegetables,Non-Perishable,WH_B,Supplier_X,2024-01-10,2024-01-12,163,50.43,8220.09,2,9.54
ORD1010,Fruits,Non-Perishable,WH_C,Supplier_Y,2024-01-11,2024-01-13,356,90.1,32075.6,2,7.21
ORD1011,Eggs,Perishable,WH_B,Supplier_Y,2024-01-12,2024-01-14,302,35.61,10754.22,2,8.63
ORD1012,Vegetables,Perishable,WH_C,Supplier_Z,2024-01-13,2024-01-15,77,16.9,1301.3,2,0.02
ORD1013,Bread,Perishable,WH_C,Supplier_Y,2024-01-14,2024-01-16,59,50.06,2953.54,2,7.18
ORD1014,Fruits,Perishable,WH_C,Supplier_X,2024-01-15,2024-01-17,161,15.83,2548.63,2,8.3
ORD1015,Bread,Perishable,WH_A,Supplier_Z,2024-01-16,2024-01-18,28,51.17,1432.76,2,0.41
ORD1016,Fruits,Perishable,WH_A,Supplier_X,2024-01-17,2024-01-19,109,92.43,10074.87,2,8.72
ORD1017,Vegetables,Non-Perishable,WH_B,Supplier_X,2024-01-18,2024-01-20,69,54.47,3758.43,2,2.57
ORD1018,Milk,Non-Perishable,WH_B,Supplier_Y,2024-01-19,2024-01-21,176,63.57,11188.32,2,6.65
ORD1019,Fruits,Non-Perishable,WH_A,Supplier_Z,2024-01-20,2024-01-22,211,19.88,4194.679999999999,2,8.0
ORD1020,Bread,Perishable,WH_B,Supplier_Z,2024-01-21,2024-01-23,354,9.15,3239.1,2,6.63
ORD1021,Vegetables,Perishable,WH_A,Supplier_Y,2024-01-22,2024-01-24,155,15.53,2407.15,2,0.92
ORD1022,Fruits,Perishable,WH_C,Supplier_X,2024-01-23,2024-01-25,412,61.86,25486.32,2,5.96
ORD1023,Milk,Perishable,WH_B,Supplier_X,2024-01-24,2024-01-26,173,14.03,2427.19,2,5.5
ORD1024,Milk,Perishable,WH_B,Supplier_X,2024-01-25,2024-01-27,467,40.72,19016.239999999998,2,9.0
ORD1025,Eggs,Non-Perishable,WH_A,Supplier_X,2024-01-26,2024-01-28,490,57.26,28057.399999999998,2,4.04
ORD1026,Eggs,Perishable,WH_B,Supplier_Z,2024-01-27,2024-01-29,448,41.92,18780.16,2,3.21
ORD1027,Bread,Perishable,WH_B,Supplier_Z,2024-01-28,2024-01-30,251,20.55,5158.05,2,7.5
ORD1028,Fruits,Perishable,WH_C,Supplier_Y,2024-01-29,2024-01-31,78,31.01,2418.78,2,4.13
ORD1029,Fruits,Non-Perishable,WH_B,Supplier_Y,2024-01-30,2024-02-01,184,93.19,17146.96,2,6.46
ORD1030,Eggs,Perishable,WH_C,Supplier_Z,2024-01-31,2024-02-02,58,69.22,4014.7599999999998,2,6.46
ORD1031,Fruits,Perishable,WH_A,Supplier_Z,2024-02-01,2024-02-03,492,52.12,25643.039999999997,2,8.88
ORD1032,Fruits,Perishable,WH_B,Supplier_X,2024-02-02,2024-02-04,117,6.21,726.57,2,5.99
ORD1033,Milk,Non-Perishable,WH_C,Supplier_X,2024-02-03,2024-02-05,235,99.28,23330.8,2,5.02
ORD1034,Eggs,Perishable,WH_A,Supplier_Y,2024-02-04,2024-02-06,170,68.79,11694.300000000001,2,1.39
ORD1035,Vegetables,Non-Perishable,WH_B,Supplier_Z,2024-02-05,2024-02-07,128,35.11,4494.08,2,1.16
ORD1036,Eggs,Non-Perishable,WH_A,Supplier_Y,2024-02-06,2024-02-08,158,88.53,13987.74,2,1.54
ORD1037,Vegetables,Perishable,WH_B,Supplier_Z,2024-02-07,2024-02-09,474,29.55,14006.7,2,1.72
ORD1038,Milk,Perishable,WH_A,Supplier_X,2024-02-08,2024-02-10,159,56.68,9012.12,2,6.38
ORD1039,Bread,Non-Perishable,WH_A,Supplier_Y,2024-02-09,2024-02-11,441,65.43,28854.630000000005,2,7.41
ORD1040,Fruits,Perishable,WH_C,Supplier_Y,2024-02-10,2024-02-12,302,26.0,7852.0,2,5.3
ORD1041,Milk,Perishable,WH_A,Supplier_Z,2024-02-11,2024-02-13,152,97.95,14888.4,2,8.29
ORD1042,Fruits,Non-Perishable,WH_B,Supplier_X,2024-02-12,2024-02-14,428,76.08,32562.239999999998,2,9.91
ORD1043,Bread,Non-Perishable,WH_B,Supplier_Y,2024-02-13,2024-02-15,485,57.99,28125.15,2,8.2
ORD1044,Bread,Non-Perishable,WH_C,Supplier_X,2024-02-14,2024-02-16,464,22.16,10282.24,2,6.95
ORD1045,Milk,Non-Perishable,WH_B,Supplier_Y,2024-02-15,2024-02-17,169,10.12,1710.28,2,5.32
ORD1046,Bread,Perishable,WH_B,Supplier_X,2024-02-16,2024-02-18,20,35.41,708.1999999999999,2,4.49
ORD1047,Vegetables,Perishable,WH_B,Supplier_Z,2024-02-17,2024-02-19,147,76.55,11252.85,2,0.84
ORD1048,Bread,Non-Perishable,WH_A,Supplier_Y,2024-02-18,2024-02-20,466,30.59,14254.94,2,3.99
ORD1049,Fruits,Perishable,WH_A,Supplier_Y,2024-02-19,2024-02-21,87,56.26,4894.62,2,9.1
ORD1050,Fruits,Perishable,WH_B,Supplier_X,2024-02-20,2024-02-22,86,74.15,6376.900000000001,2,8.08
ORD1051,Fruits,Non-Perishable,WH_C,Supplier_X,2024-02-21,2024-02-23,450,15.25,6862.5,2,2.16
ORD1052,Fruits,Perishable,WH_A,Supplier_Y,2024-02-22,2024-02-24,263,70.1,18436.3,2,4.67
ORD1053,Vegetables,Perishable,WH_C,Supplier_Z,2024-02-23,2024-02-25,418,13.73,5739.14,2,8.17
ORD1054,Eggs,Perishable,WH_B,Supplier_X,2024-02-24,2024-02-26,267,96.69,25816.23,2,0.67
ORD1055,Milk,Perishable,WH_B,Supplier_X,2024-02-25,2024-02-27,329,51.4,16910.6,2,3.87
ORD1056,Fruits,Perishable,WH_A,Supplier_X,2024-02-26,2024-02-28,300,19.31,5793.0,2,8.52
ORD1057,Bread,Perishable,WH_B,Supplier_Y,2024-02-27,2024-02-29,272,37.53,10208.16,2,4.04
ORD1058,Fruits,Perishable,WH_A,Supplier_Y,2024-02-28,2024-03-01,94,44.27,4161.38,2,0.78
ORD1059,Bread,Perishable,WH_B,Supplier_Y,2024-02-29,2024-03-02,155,77.03,11939.65,2,5.43
ORD1060,Bread,Non-Perishable,WH_B,Supplier_Y,2024-03-01,2024-03-03,332,75.63,25109.16,2,8.62
ORD1061,Fruits,Perishable,WH_A,Supplier_Z,2024-03-02,2024-03-04,51,63.13,3219.63,2,5.9
ORD1062,Vegetables,Non-Perishable,WH_A,Supplier_Z,2024-03-03,2024-03-05,383,15.06,5767.9800000000005,2,2.26
ORD1063,Bread,Perishable,WH_A,Supplier_Y,2024-03-04,2024-03-06,134,19.4,2599.6,2,3.84
ORD1064,Bread,Perishable,WH_B,Supplier_Z,2024-03-05,2024-03-07,176,13.91,2448.16,2,4.5
ORD1065,Fruits,Non-Perishable,WH_B,Supplier_X,2024-03-06,2024-03-08,434,59.83,25966.219999999998,2,5.79
ORD1066,Bread,Perishable,WH_C,Supplier_X,2024-03-07,2024-03-09,250,88.33,22082.5,2,7.59
ORD1067,Bread,Non-Perishable,WH_A,Supplier_X,2024-03-08,2024-03-10,468,46.21,21626.28,2,0.99
ORD1068,Fruits,Perishable,WH_B,Supplier_Y,2024-03-09,2024-03-11,496,20.28,10058.880000000001,2,8.9
ORD1069,Fruits,Non-Perishable,WH_B,Supplier_X,2024-03-10,2024-03-12,289,58.01,16764.89,2,0.12
ORD1070,Milk,Perishable,WH_A,Supplier_Z,2024-03-11,2024-03-13,197,82.12,16177.640000000001,2,3.7
ORD1071,Vegetables,Non-Perishable,WH_C,Supplier_Y,2024-03-12,2024-03-14,311,75.46,23468.059999999998,2,0.27
ORD1072,Vegetables,Perishable,WH_A,Supplier_Z,2024-03-13,2024-03-15,28,88.74,2484.72,2,3.93
ORD1073,Bread,Non-Perishable,WH_C,Supplier_X,2024-03-14,2024-03-16,77,31.4,2417.7999999999997,2,5.26
ORD1074,Vegetables,Perishable,WH_B,Supplier_X,2024-03-15,2024-03-17,227,23.43,5318.61,2,5.12
ORD1075,Bread,Perishable,WH_C,Supplier_X,2024-03-16,2024-03-18,111,88.58,9832.38,2,1.66
ORD1076,Milk,Non-Perishable,WH_B,Supplier_Y,2024-03-17,2024-03-19,51,67.47,3440.97,2,6.46
ORD1077,Fruits,Perishable,WH_A,Supplier_Z,2024-03-18,2024-03-20,297,34.54,10258.38,2,0.45
ORD1078,Fruits,Perishable,WH_A,Supplier_Y,2024-03-19,2024-03-21,176,75.52,13291.519999999999,2,7.62
ORD1079,Fruits,Perishable,WH_A,Supplier_Y,2024-03-20,2024-03-22,118,82.44,9727.92,2,9.47
ORD1080,Vegetables,Perishable,WH_C,Supplier_X,2024-03-21,2024-03-23,45,63.42,2853.9,2,3.4
ORD1081,Milk,Perishable,WH_B,Supplier_Y,2024-03-22,2024-03-24,241,70.35,16954.35,2,5.17
ORD1082,Vegetables,Perishable,WH_A,Supplier_Y,2024-03-23,2024-03-25,238,40.65,9674.699999999999,2,3.79
ORD1083,Vegetables,Non-Perishable,WH_A,Supplier_X,2024-03-24,2024-03-26,362,56.18,20337.16,2,0.07
ORD1084,Milk,Perishable,WH_B,Supplier_Y,2024-03-25,2024-03-27,173,54.8,9480.4,2,3.86
ORD1085,Milk,Perishable,WH_A,Supplier_X,2024-03-26,2024-03-28,396,85.56,33881.76,2,7.92
ORD1086,Milk,Non-Perishable,WH_B,Supplier_X,2024-03-27,2024-03-29,82,84.8,6953.599999999999,2,5.96
ORD1087,Milk,Non-Perishable,WH_B,Supplier_X,2024-03-28,2024-03-30,145,84.1,12194.5,2,1.01
ORD1088,Fruits,Perishable,WH_B,Supplier_X,2024-03-29,2024-03-31,362,6.05,2190.1,2,8.47
ORD1089,Eggs,Perishable,WH_B,Supplier_Y,2024-03-30,2024-04-01,388,76.21,29569.479999999996,2,5.31
ORD1090,Eggs,Perishable,WH_B,Supplier_X,2024-03-31,2024-04-02,79,77.07,6088.53,2,8.42
ORD1091,Milk,Perishable,WH_C,Supplier_X,2024-04-01,2024-04-03,434,69.45,30141.300000000003,2,5.8
ORD1092,Eggs,Perishable,WH_A,Supplier_Y,2024-04-02,2024-04-04,496,76.85,38117.6,2,5.6
ORD1093,Eggs,Perishable,WH_C,Supplier_Y,2024-04-03,2024-04-05,205,84.99,17422.95,2,1.05
ORD1094,Milk,Perishable,WH_A,Supplier_Z,2024-04-04,2024-04-06,278,49.68,13811.039999999999,2,1.67
ORD1095,Eggs,Perishable,WH_C,Supplier_Y,2024-04-05,2024-04-07,58,52.69,3056.02,2,9.72
ORD1096,Vegetables,Non-Perishable,WH_B,Supplier_Y,2024-04-06,2024-04-08,325,16.85,5476.250000000001,2,2.28
ORD1097,Bread,Non-Perishable,WH_A,Supplier_Z,2024-04-07,2024-04-09,139,41.61,5783.79,2,9.77
ORD1098,Bread,Perishable,WH_A,Supplier_Y,2024-04-08,2024-04-10,453,66.12,29952.36,2,5.32
ORD1099,Milk,Perishable,WH_C,Supplier_Y,2024-04-09,2024-04-11,14,79.14,1107.96,2,1.36
ORD1100,Fruits,Perishable,WH_C,Supplier_Y,2024-04-10,2024-04-12,437,25.63,11200.31,2,0.99
ORD1101,Milk,Non-Perishable,WH_A,Supplier_Y,2024-04-11,2024-04-13,36,18.09,651.24,2,2.09
ORD1102,Fruits,Perishable,WH_C,Supplier_Z,2024-04-12,2024-04-14,169,67.99,11490.31,2,9.26
ORD1103,Bread,Perishable,WH_C,Supplier_Y,2024-04-13,2024-04-15,158,5.18,818.4399999999999,2,4.14
ORD1104,Milk,Non-Perishable,WH_C,Supplier_Y,2024-04-14,2024-04-16,273,21.95,5992.349999999999,2,3.95
ORD1105,Vegetables,Non-Perishable,WH_B,Supplier_Z,2024-04-15,2024-04-17,239,7.76,1854.6399999999999,2,3.13
ORD1106,Eggs,Non-Perishable,WH_B,Supplier_X,2024-04-16,2024-04-18,209,20.85,4357.650000000001,2,1.47
ORD1107,Fruits,Non-Perishable,WH_C,Supplier_Z,2024-04-17,2024-04-19,59,22.23,1311.57,2,4.88
ORD1108,Eggs,Perishable,WH_C,Supplier_X,2024-04-18,2024-04-20,76,41.83,3179.08,2,1.3
ORD1109,Eggs,Perishable,WH_B,Supplier_Z,2024-04-19,2024-04-21,309,43.22,13354.98,2,8.35
ORD1110,Milk,Non-Perishable,WH_B,Supplier_Z,2024-04-20,2024-04-22,390,88.05,34339.5,2,3.7
ORD1111,Eggs,Non-Perishable,WH_A,Supplier_Y,2024-04-21,2024-04-23,67,53.46,3581.82,2,3.75
ORD1112,Vegetables,Perishable,WH_A,Supplier_X,2024-04-22,2024-04-24,268,73.72,19756.96,2,4.74
ORD1113,Eggs,Perishable,WH_B,Supplier_Y,2024-04-23,2024-04-25,351,14.89,5226.39,2,4.44
ORD1114,Milk,Perishable,WH_C,Supplier_X,2024-04-24,2024-04-26,335,26.42,8850.7,2,9.95
ORD1115,Vegetables,Non-Perishable,WH_C,Supplier_Z,2024-04-25,2024-04-27,139,71.78,9977.42,2,5.45
ORD1116,Bread,Non-Perishable,WH_C,Supplier_Z,2024-04-26,2024-04-28,224,10.02,2244.48,2,0.88
ORD1117,Eggs,Perishable,WH_C,Supplier_X,2024-04-27,2024-04-29,181,51.23,9272.63,2,6.07
ORD1118,Milk,Perishable,WH_A,Supplier_Y,2024-04-28,2024-04-30,267,61.94,16537.98,2,1.52
ORD1119,Bread,Perishable,WH_B,Supplier_Y,2024-04-29,2024-05-01,111,62.2,6904.200000000001,2,0.31
ORD1120,Bread,Non-Perishable,WH_C,Supplier_Y,2024-04-30,2024-05-02,218,7.18,1565.24,2,9.71
ORD1121,Fruits,Non-Perishable,WH_A,Supplier_Y,2024-05-01,2024-05-03,300,35.6,10680.0,2,7.74
ORD1122,Vegetables,Non-Perishable,WH_C,Supplier_Z,2024-05-02,2024-05-04,363,65.47,23765.61,2,9.8
ORD1123,Eggs,Perishable,WH_B,Supplier_Z,2024-05-03,2024-05-05,480,19.15,9192.0,2,4.78
ORD1124,Milk,Perishable,WH_A,Supplier_Z,2024-05-04,2024-05-06,295,71.06,20962.7,2,5.32
ORD1125,Fruits,Perishable,WH_B,Supplier_Z,2024-05-05,2024-05-07,125,75.86,9482.5,2,1.68
ORD1126,Vegetables,Perishable,WH_B,Supplier_Z,2024-05-06,2024-05-08,273,98.29,26833.170000000002,2,2.47
ORD1127,Fruits,Non-Perishable,WH_A,Supplier_Y,2024-05-07,2024-05-09,159,24.93,3963.87,2,8.39
ORD1128,Vegetables,Non-Perishable,WH_A,Supplier_Y,2024-05-08,2024-05-10,309,83.39,25767.51,2,3.56
ORD1129,Vegetables,Non-Perishable,WH_A,Supplier_Y,2024-05-09,2024-05-11,451,54.43,24547.93,2,8.27
ORD1130,Eggs,Non-Perishable,WH_A,Supplier_Y,2024-05-10,2024-05-12,45,40.48,1821.6,2,7.09
ORD1131,Vegetables,Perishable,WH_A,Supplier_Z,2024-05-11,2024-05-13,462,16.63,7683.0599999999995,2,1.77
ORD1132,Fruits,Non-Perishable,WH_A,Supplier_Z,2024-05-12,2024-05-14,342,74.87,25605.54,2,5.07
ORD1133,Vegetables,Non-Perishable,WH_A,Supplier_Z,2024-05-13,2024-05-15,486,27.41,13321.26,2,6.77
ORD1134,Eggs,Non-Perishable,WH_C,Supplier_X,2024-05-14,2024-05-16,296,40.29,11925.84,2,2.35
ORD1135,Eggs,Perishable,WH_B,Supplier_Y,2024-05-15,2024-05-17,312,10.94,3413.2799999999997,2,8.31
ORD1136,Fruits,Perishable,WH_A,Supplier_Y,2024-05-16,2024-05-18,320,81.13,25961.6,2,5.45
ORD1137,Bread,Perishable,WH_C,Supplier_Z,2024-05-17,2024-05-19,217,77.83,16889.11,2,1.65
ORD1138,Bread,Non-Perishable,WH_C,Supplier_Y,2024-05-18,2024-05-20,115,74.69,8589.35,2,5.83
ORD1139,Vegetables,Perishable,WH_C,Supplier_Y,2024-05-19,2024-05-21,455,33.45,15219.750000000002,2,10.0
ORD1140,Milk,Perishable,WH_B,Supplier_Z,2024-05-20,2024-05-22,167,21.48,3587.16,2,1.51
ORD1141,Vegetables,Perishable,WH_A,Supplier_X,2024-05-21,2024-05-23,130,65.57,8524.099999999999,2,8.17
ORD1142,Fruits,Perishable,WH_C,Supplier_X,2024-05-22,2024-05-24,64,52.14,3336.96,2,2.07
ORD1143,Fruits,Perishable,WH_B,Supplier_X,2024-05-23,2024-05-25,409,21.93,8969.369999999999,2,7.82
ORD1144,Fruits,Perishable,WH_B,Supplier_Z,2024-05-24,2024-05-26,21,70.16,1473.36,2,7.35
ORD1145,Fruits,Perishable,WH_B,Supplier_Y,2024-05-25,2024-05-27,154,99.16,15270.64,2,3.0
ORD1146,Fruits,Perishable,WH_C,Supplier_Z,2024-05-26,2024-05-28,409,75.99,31079.909999999996,2,3.26
ORD1147,Eggs,Non-Perishable,WH_A,Supplier_Z,2024-05-27,2024-05-29,405,75.3,30496.5,2,7.93
ORD1148,Bread,Perishable,WH_C,Supplier_Y,2024-05-28,2024-05-30,145,95.28,13815.6,2,4.61
ORD1149,Fruits,Non-Perishable,WH_C,Supplier_X,2024-05-29,2024-05-31,477,24.28,11581.560000000001,2,7.31
ORD1150,Milk,Perishable,WH_A,Supplier_X,2024-05-30,2024-06-01,12,58.73,704.76,2,1.48
ORD1151,Milk,Perishable,WH_A,Supplier_Z,2024-05-31,2024-06-02,153,98.07,15004.71,2,8.53
ORD1152,Milk,Non-Perishable,WH_A,Supplier_X,2024-06-01,2024-06-03,39,20.7,807.3,2,7.11
ORD1153,Milk,Perishable,WH_B,Supplier_Z,2024-06-02,2024-06-04,246,71.52,17593.92,2,9.07
ORD1154,Eggs,Perishable,WH_A,Supplier_Z,2024-06-03,2024-06-05,288,60.65,17467.2,2,1.32
ORD1155,Milk,Perishable,WH_C,Supplier_Y,2024-06-04,2024-06-06,357,60.72,21677.04,2,5.93
ORD1156,Fruits,Non-Perishable,WH_A,Supplier_Y,2024-06-05,2024-06-07,124,71.28,8838.72,2,5.99
ORD1157,Vegetables,Perishable,WH_C,Supplier_Y,2024-06-06,2024-06-08,113,93.31,10544.03,2,3.53
ORD1158,Milk,Non-Perishable,WH_B,Supplier_Z,2024-06-07,2024-06-09,127,79.35,10077.449999999999,2,4.58
ORD1159,Eggs,Perishable,WH_C,Supplier_Y,2024-06-08,2024-06-10,14,10.33,144.62,2,0.38
ORD1160,Eggs,Perishable,WH_C,Supplier_X,2024-06-09,2024-06-11,477,86.01,41026.770000000004,2,7.46
ORD1161,Milk,Perishable,WH_A,Supplier_X,2024-06-10,2024-06-12,369,26.43,9752.67,2,5.49
ORD1162,Vegetables,Perishable,WH_A,Supplier_Z,2024-06-11,2024-06-13,257,40.81,10488.17,2,0.58
ORD1163,Milk,Perishable,WH_C,Supplier_Z,2024-06-12,2024-06-14,373,48.86,18224.78,2,6.81
ORD1164,Eggs,Perishable,WH_A,Supplier_Y,2024-06-13,2024-06-15,330,50.69,16727.7,2,4.67
ORD1165,Bread,Perishable,WH_B,Supplier_Z,2024-06-14,2024-06-16,130,46.34,6024.200000000001,2,0.34
ORD1166,Fruits,Non-Perishable,WH_B,Supplier_Z,2024-06-15,2024-06-17,295,94.05,27744.75,2,9.7
ORD1167,Eggs,Perishable,WH_A,Supplier_X,2024-06-16,2024-06-18,158,72.07,11387.06,2,9.49
ORD1168,Milk,Perishable,WH_B,Supplier_X,2024-06-17,2024-06-19,93,64.96,6041.28,2,5.13
ORD1169,Fruits,Non-Perishable,WH_A,Supplier_Y,2024-06-18,2024-06-20,463,9.73,4504.99,2,0.94
ORD1170,Milk,Perishable,WH_C,Supplier_Z,2024-06-19,2024-06-21,415,90.87,37711.05,2,7.55
ORD1171,Milk,Perishable,WH_C,Supplier_Z,2024-06-20,2024-06-22,475,91.39,43410.25,2,4.92
ORD1172,Bread,Non-Perishable,WH_B,Supplier_X,2024-06-21,2024-06-23,465,79.12,36790.8,2,3.02
ORD1173,Fruits,Non-Perishable,WH_A,Supplier_Z,2024-06-22,2024-06-24,240,5.67,1360.8,2,4.91
ORD1174,Fruits,Perishable,WH_A,Supplier_X,2024-06-23,2024-06-25,297,10.44,3100.68,2,5.22
ORD1175,Bread,Non-Perishable,WH_B,Supplier_Y,2024-06-24,2024-06-26,170,26.4,4488.0,2,5.63
ORD1176,Eggs,Perishable,WH_C,Supplier_X,2024-06-25,2024-06-27,281,17.48,4911.88,2,4.41
ORD1177,Milk,Perishable,WH_B,Supplier_Z,2024-06-26,2024-06-28,469,42.89,20115.41,2,6.06
ORD1178,Vegetables,Perishable,WH_C,Supplier_Y,2024-06-27,2024-06-29,47,92.65,4354.55,2,9.19
ORD1179,Milk,Non-Perishable,WH_A,Supplier_X,2024-06-28,2024-06-30,235,49.85,11714.75,2,3.62
ORD1180,Milk,Perishable,WH_C,Supplier_X,2024-06-29,2024-07-01,151,6.27,946.77,2,7.26
ORD1181,Eggs,Perishable,WH_B,Supplier_Y,2024-06-30,2024-07-02,301,31.86,9589.86,2,8.94
ORD1182,Milk,Perishable,WH_A,Supplier_Y,2024-07-01,2024-07-03,490,9.24,4527.6,2,4.56
ORD1183,Bread,Perishable,WH_B,Supplier_X,2024-07-02,2024-07-04,160,8.45,1352.0,2,4.43
ORD1184,Bread,Perishable,WH_B,Supplier_Z,2024-07-03,2024-07-05,123,31.19,3836.3700000000003,2,6.02
ORD1185,Fruits,Perishable,WH_C,Supplier_X,2024-07-04,2024-07-06,246,31.18,7670.28,2,5.91
ORD1186,Vegetables,Perishable,WH_B,Supplier_Y,2024-07-05,2024-07-07,75,79.78,5983.5,2,8.07
ORD1187,Milk,Perishable,WH_C,Supplier_X,2024-07-06,2024-07-08,370,97.61,36115.7,2,4.76
ORD1188,Milk,Perishable,WH_A,Supplier_Y,2024-07-07,2024-07-09,350,40.26,14091.0,2,9.96
ORD1189,Eggs,Perishable,WH_C,Supplier_Y,2024-07-08,2024-07-10,267,45.74,12212.58,2,0.59
ORD1190,Bread,Perishable,WH_A,Supplier_Z,2024-07-09,2024-07-11,484,85.25,41261.0,2,0.03
ORD1191,Vegetables,Perishable,WH_C,Supplier_Y,2024-07-10,2024-07-12,258,30.47,7861.259999999999,2,6.4
ORD1192,Fruits,Non-Perishable,WH_B,Supplier_Y,2024-07-11,2024-07-13,466,19.86,9254.76,2,2.98
ORD1193,Bread,Perishable,WH_C,Supplier_Z,2024-07-12,2024-07-14,458,86.04,39406.32,2,2.4
ORD1194,Fruits,Perishable,WH_C,Supplier_Y,2024-07-13,2024-07-15,340,9.42,3202.8,2,3.12
ORD1195,Eggs,Perishable,WH_A,Supplier_Z,2024-07-14,2024-07-16,332,63.87,21204.84,2,2.56
ORD1196,Eggs,Perishable,WH_B,Supplier_Z,2024-07-15,2024-07-17,189,58.39,11035.710000000001,2,0.31
ORD1197,Milk,Perishable,WH_C,Supplier_Y,2024-07-16,2024-07-18,199,37.86,7534.14,2,9.72
ORD1198,Vegetables,Perishable,WH_B,Supplier_Y,2024-07-17,2024-07-19,416,34.94,14535.039999999999,2,2.21
ORD1199,Fruits,Perishable,WH_C,Supplier_X,2024-07-18,2024-07-20,163,78.33,12767.789999999999,2,7.34
ORD1200,Bread,Perishable,WH_C,Supplier_Z,2024-07-19,2024-07-21,205,13.21,2708.05,2,7.63
ORD1201,Eggs,Perishable,WH_B,Supplier_X,2024-07-20,2024-07-22,475,27.49,13057.75,2,9.29
ORD1202,Milk,Perishable,WH_C,Supplier_Y,2024-07-21,2024-07-23,320,74.58,23865.6,2,0.31
ORD1203,Milk,Perishable,WH_B,Supplier_X,2024-07-22,2024-07-24,271,57.09,15471.390000000001,2,8.72
ORD1204,Fruits,Perishable,WH_C,Supplier_Z,2024-07-23,2024-07-25,428,17.16,7344.4800000000005,2,5.27
ORD1205,Eggs,Perishable,WH_A,Supplier_X,2024-07-24,2024-07-26,415,88.8,36852.0,2,6.33
ORD1206,Vegetables,Perishable,WH_B,Supplier_Z,2024-07-25,2024-07-27,436,42.38,18477.68,2,6.44
ORD1207,Eggs,Perishable,WH_C,Supplier_Y,2024-07-26,2024-07-28,152,83.65,12714.800000000001,2,8.2
ORD1208,Fruits,Perishable,WH_C,Supplier_Y,2024-07-27,2024-07-29,351,79.83,28020.329999999998,2,3.33
ORD1209,Fruits,Non-Perishable,WH_A,Supplier_Z,2024-07-28,2024-07-30,325,64.32,20903.999999999996,2,7.33
ORD1210,Eggs,Perishable,WH_B,Supplier_Y,2024-07-29,2024-07-31,110,51.98,5717.799999999999,2,5.29
ORD1211,Fruits,Perishable,WH_C,Supplier_Y,2024-07-30,2024-08-01,253,98.06,24809.18,2,7.93
ORD1212,Eggs,Non-Perishable,WH_A,Supplier_Y,2024-07-31,2024-08-02,499,18.77,9366.23,2,9.91
ORD1213,Bread,Non-Perishable,WH_C,Supplier_Y,2024-08-01,2024-08-03,21,73.89,1551.69,2,2.01
ORD1214,Eggs,Perishable,WH_B,Supplier_Z,2024-08-02,2024-08-04,248,23.16,5743.68,2,9.95
ORD1215,Eggs,Perishable,WH_C,Supplier_X,2024-08-03,2024-08-05,58,37.13,2153.54,2,0.9
ORD1216,Fruits,Non-Perishable,WH_C,Supplier_X,2024-08-04,2024-08-06,51,34.33,1750.83,2,0.02
ORD1217,Fruits,Non-Perishable,WH_C,Supplier_Y,2024-08-05,2024-08-07,175,94.97,16619.75,2,0.44
ORD1218,Milk,Perishable,WH_C,Supplier_X,2024-08-06,2024-08-08,91,96.9,8817.9,2,3.42
ORD1219,Milk,Perishable,WH_A,Supplier_X,2024-08-07,2024-08-09,438,22.39,9806.82,2,6.33
ORD1220,Bread,Perishable,WH_A,Supplier_Y,2024-08-08,2024-08-10,300,7.09,2127.0,2,0.69
ORD1221,Milk,Perishable,WH_B,Supplier_Y,2024-08-09,2024-08-11,167,73.4,12257.800000000001,2,0.06
ORD1222,Eggs,Perishable,WH_A,Supplier_X,2024-08-10,2024-08-12,225,44.71,10059.75,2,9.37
ORD1223,Fruits,Perishable,WH_A,Supplier_Z,2024-08-11,2024-08-13,499,13.44,6706.5599999999995,2,8.22
ORD1224,Milk,Perishable,WH_B,Supplier_Y,2024-08-12,2024-08-14,167,69.96,11683.32,2,8.09
ORD1225,Milk,Non-Perishable,WH_A,Supplier_Z,2024-08-13,2024-08-15,471,56.79,26748.09,2,8.84
ORD1226,Bread,Perishable,WH_A,Supplier_X,2024-08-14,2024-08-16,143,98.15,14035.45,2,7.0
ORD1227,Bread,Perishable,WH_B,Supplier_Y,2024-08-15,2024-08-17,76,26.6,2021.6000000000001,2,1.04
ORD1228,Eggs,Non-Perishable,WH_B,Supplier_Z,2024-08-16,2024-08-18,345,43.38,14966.1,2,3.99
ORD1229,Fruits,Non-Perishable,WH_B,Supplier_Y,2024-08-17,2024-08-19,16,56.54,904.64,2,7.23
ORD1230,Bread,Perishable,WH_C,Supplier_X,2024-08-18,2024-08-20,445,80.21,35693.45,2,2.8
ORD1231,Milk,Perishable,WH_C,Supplier_Z,2024-08-19,2024-08-21,23,57.14,1314.22,2,6.87
ORD1232,Fruits,Perishable,WH_B,Supplier_X,2024-08-20,2024-08-22,82,63.23,5184.86,2,0.24
ORD1233,Fruits,Perishable,WH_B,Supplier_X,2024-08-21,2024-08-23,408,26.48,10803.84,2,3.06
ORD1234,Milk,Perishable,WH_B,Supplier_Y,2024-08-22,2024-08-24,414,85.46,35380.439999999995,2,5.49
ORD1235,Bread,Perishable,WH_C,Supplier_Z,2024-08-23,2024-08-25,172,45.72,7863.84,2,6.32
ORD1236,Milk,Perishable,WH_C,Supplier_X,2024-08-24,2024-08-26,75,18.39,1379.25,2,5.77
ORD1237,Fruits,Perishable,WH_A,Supplier_X,2024-08-25,2024-08-27,356,68.1,24243.6,2,6.98
ORD1238,Vegetables,Perishable,WH_A,Supplier_Z,2024-08-26,2024-08-28,139,25.53,3548.67,2,0.06
ORD1239,Vegetables,Perishable,WH_B,Supplier_X,2024-08-27,2024-08-29,428,14.27,6107.5599999999995,2,1.01
ORD1240,Eggs,Perishable,WH_C,Supplier_X,2024-08-28,2024-08-30,475,86.89,41272.75,2,8.69
ORD1241,Milk,Perishable,WH_C,Supplier_Z,2024-08-29,2024-08-31,215,48.72,10474.8,2,6.82
ORD1242,Milk,Perishable,WH_C,Supplier_Z,2024-08-30,2024-09-01,285,76.18,21711.300000000003,2,1.13
ORD1243,Eggs,Non-Perishable,WH_B,Supplier_Z,2024-08-31,2024-09-02,475,32.61,15489.75,2,8.42
ORD1244,Eggs,Perishable,WH_A,Supplier_Z,2024-09-01,2024-09-03,265,79.76,21136.4,2,2.42
ORD1245,Eggs,Perishable,WH_B,Supplier_Y,2024-09-02,2024-09-04,275,15.63,4298.25,2,4.78
ORD1246,Fruits,Non-Perishable,WH_A,Supplier_Z,2024-09-03,2024-09-05,34,38.82,1319.88,2,1.45
ORD1247,Milk,Perishable,WH_A,Supplier_Y,2024-09-04,2024-09-06,459,97.92,44945.28,2,7.1
ORD1248,Fruits,Perishable,WH_B,Supplier_Y,2024-09-05,2024-09-07,290,80.43,23324.7,2,6.67
ORD1249,Eggs,Perishable,WH_A,Supplier_Y,2024-09-06,2024-09-08,262,52.24,13686.880000000001,2,2.11
ORD1250,Milk,Perishable,WH_A,Supplier_X,2024-09-07,2024-09-09,319,37.28,11892.32,2,8.63
ORD1251,Fruits,Non-Perishable,WH_C,Supplier_Y,2024-09-08,2024-09-10,298,87.85,26179.3,2,4.01
ORD1252,Fruits,Perishable,WH_A,Supplier_Y,2024-09-09,2024-09-11,173,56.76,9819.48,2,2.93
ORD1253,Eggs,Perishable,WH_B,Supplier_X,2024-09-10,2024-09-12,104,77.05,8013.2,2,1.52
ORD1254,Milk,Perishable,WH_B,Supplier_X,2024-09-11,2024-09-13,279,76.64,21382.56,2,2.66
ORD1255,Eggs,Perishable,WH_A,Supplier_X,2024-09-12,2024-09-14,330,6.7,2211.0,2,0.22
ORD1256,Milk,Perishable,WH_C,Supplier_Z,2024-09-13,2024-09-15,119,16.99,2021.8099999999997,2,5.83
ORD1257,Vegetables,Perishable,WH_C,Supplier_X,2024-09-14,2024-09-16,345,67.66,23342.699999999997,2,8.42
ORD1258,Bread,Perishable,WH_A,Supplier_X,2024-09-15,2024-09-17,319,20.35,6491.650000000001,2,5.49
ORD1259,Bread,Non-Perishable,WH_A,Supplier_Y,2024-09-16,2024-09-18,247,29.27,7229.69,2,2.19
ORD1260,Bread,Perishable,WH_B,Supplier_X,2024-09-17,2024-09-19,390,94.93,37022.700000000004,2,0.34
ORD1261,Eggs,Perishable,WH_A,Supplier_Z,2024-09-18,2024-09-20,445,58.22,25907.899999999998,2,2.15
ORD1262,Vegetables,Perishable,WH_C,Supplier_X,2024-09-19,2024-09-21,396,76.32,30222.719999999998,2,4.16
ORD1263,Milk,Perishable,WH_A,Supplier_Z,2024-09-20,2024-09-22,492,58.01,28540.92,2,7.6
ORD1264,Fruits,Perishable,WH_B,Supplier_X,2024-09-21,2024-09-23,434,57.49,24950.66,2,1.88
ORD1265,Milk,Perishable,WH_B,Supplier_X,2024-09-22,2024-09-24,399,13.94,5562.0599999999995,2,7.2
ORD1266,Fruits,Perishable,WH_B,Supplier_X,2024-09-23,2024-09-25,34,37.65,1280.1,2,8.67
ORD1267,Milk,Perishable,WH_B,Supplier_X,2024-09-24,2024-09-26,150,31.83,4774.5,2,4.54
ORD1268,Vegetables,Perishable,WH_B,Supplier_Z,2024-09-25,2024-09-27,126,42.12,5307.12,2,8.21
ORD1269,Fruits,Non-Perishable,WH_A,Supplier_Z,2024-09-26,2024-09-28,491,80.84,39692.44,2,5.55
ORD1270,Eggs,Perishable,WH_A,Supplier_Y,2024-09-27,2024-09-29,401,40.33,16172.33,2,6.37
ORD1271,Milk,Perishable,WH_A,Supplier_Z,2024-09-28,2024-09-30,414,47.91,19834.739999999998,2,5.26
ORD1272,Milk,Perishable,WH_A,Supplier_X,2024-09-29,2024-10-01,491,42.75,20990.25,2,4.63
ORD1273,Fruits,Non-Perishable,WH_B,Supplier_Y,2024-09-30,2024-10-02,461,13.87,6394.07,2,2.35
ORD1274,Eggs,Perishable,WH_C,Supplier_Y,2024-10-01,2024-10-03,34,46.9,1594.6,2,3.03
ORD1275,Eggs,Perishable,WH_A,Supplier_Y,2024-10-02,2024-10-04,88,23.58,2075.04,2,2.9
ORD1276,Vegetables,Non-Perishable,WH_C,Supplier_X,2024-10-03,2024-10-05,77,22.74,1750.9799999999998,2,5.63
ORD1277,Eggs,Non-Perishable,WH_A,Supplier_Z,2024-10-04,2024-10-06,182,13.93,2535.2599999999998,2,1.2
ORD1278,Eggs,Non-Perishable,WH_A,Supplier_X,2024-10-05,2024-10-07,453,38.88,17612.64,2,9.17
ORD1279,Eggs,Perishable,WH_C,Supplier_Y,2024-10-06,2024-10-08,21,76.96,1616.1599999999999,2,7.21
ORD1280,Bread,Perishable,WH_B,Supplier_X,2024-10-07,2024-10-09,297,31.26,9284.220000000001,2,4.01
ORD1281,Vegetables,Perishable,WH_A,Supplier_X,2024-10-08,2024-10-10,137,34.67,4749.79,2,1.59
ORD1282,Milk,Non-Perishable,WH_A,Supplier_Z,2024-10-09,2024-10-11,105,66.05,6935.25,2,8.82
ORD1283,Fruits,Perishable,WH_A,Supplier_Z,2024-10-10,2024-10-12,101,23.6,2383.6000000000004,2,8.24
ORD1284,Milk,Perishable,WH_C,Supplier_Y,2024-10-11,2024-10-13,150,90.21,13531.499999999998,2,7.22
ORD1285,Vegetables,Perishable,WH_B,Supplier_X,2024-10-12,2024-10-14,40,54.42,2176.8,2,2.72
ORD1286,Fruits,Non-Perishable,WH_C,Supplier_X,2024-10-13,2024-10-15,343,47.52,16299.36,2,4.02
ORD1287,Vegetables,Perishable,WH_C,Supplier_Z,2024-10-14,2024-10-16,29,57.99,1681.71,2,1.03
ORD1288,Eggs,Perishable,WH_B,Supplier_X,2024-10-15,2024-10-17,155,20.77,3219.35,2,1.89
ORD1289,Fruits,Perishable,WH_C,Supplier_X,2024-10-16,2024-10-18,486,63.28,30754.08,2,7.83
ORD1290,Eggs,Perishable,WH_B,Supplier_X,2024-10-17,2024-10-19,325,39.49,12834.25,2,7.15
ORD1291,Milk,Perishable,WH_A,Supplier_Z,2024-10-18,2024-10-20,456,90.23,41144.880000000005,2,5.93
ORD1292,Milk,Perishable,WH_B,Supplier_Y,2024-10-19,2024-10-21,399,21.04,8394.96,2,8.96
ORD1293,Fruits,Perishable,WH_A,Supplier_Y,2024-10-20,2024-10-22,169,53.17,8985.73,2,5.83
ORD1294,Fruits,Perishable,WH_C,Supplier_X,2024-10-21,2024-10-23,358,61.82,22131.56,2,4.67
ORD1295,Vegetables,Perishable,WH_C,Supplier_Y,2024-10-22,2024-10-24,52,8.17,424.84,2,3.4
ORD1296,Vegetables,Perishable,WH_A,Supplier_Z,2024-10-23,2024-10-25,263,39.55,10401.65,2,9.4
ORD1297,Eggs,Perishable,WH_C,Supplier_Z,2024-10-24,2024-10-26,139,74.6,10369.4,2,0.83
ORD1298,Fruits,Perishable,WH_B,Supplier_Y,2024-10-25,2024-10-27,69,82.94,5722.86,2,9.31
ORD1299,Milk,Perishable,WH_A,Supplier_Y,2024-10-26,2024-10-28,160,34.75,5560.0,2,8.27
ORD1300,Vegetables,Perishable,WH_C,Supplier_X,2024-10-27,2024-10-29,476,80.87,38494.12,2,1.3
ORD1301,Vegetables,Perishable,WH_A,Supplier_Y,2024-10-28,2024-10-30,296,96.94,28694.239999999998,2,5.65
ORD1302,Milk,Perishable,WH_B,Supplier_X,2024-10-29,2024-10-31,14,86.4,1209.6000000000001,2,8.67
ORD1303,Vegetables,Non-Perishable,WH_B,Supplier_X,2024-10-30,2024-11-01,476,16.18,7701.68,2,5.72
ORD1304,Eggs,Perishable,WH_C,Supplier_Z,2024-10-31,2024-11-02,427,75.27,32140.289999999997,2,9.07
ORD1305,Fruits,Non-Perishable,WH_B,Supplier_Z,2024-11-01,2024-11-03,275,35.37,9726.75,2,9.43
ORD1306,Milk,Perishable,WH_A,Supplier_Z,2024-11-02,2024-11-04,354,98.9,35010.6,2,4.22
ORD1307,Fruits,Perishable,WH_B,Supplier_Z,2024-11-03,2024-11-05,139,51.11,7104.29,2,3.77
ORD1308,Vegetables,Non-Perishable,WH_A,Supplier_Y,2024-11-04,2024-11-06,391,16.63,6502.33,2,9.36
ORD1309,Vegetables,Perishable,WH_A,Supplier_Z,2024-11-05,2024-11-07,276,73.89,20393.64,2,6.75
ORD1310,Milk,Perishable,WH_B,Supplier_Y,2024-11-06,2024-11-08,187,35.69,6674.03,2,1.16
ORD1311,Eggs,Perishable,WH_C,Supplier_Z,2024-11-07,2024-11-09,262,99.72,26126.64,2,0.42
ORD1312,Bread,Perishable,WH_B,Supplier_Y,2024-11-08,2024-11-10,424,98.08,41585.92,2,5.65
ORD1313,Milk,Non-Perishable,WH_A,Supplier_X,2024-11-09,2024-11-11,65,67.33,4376.45,2,9.3
ORD1314,Bread,Non-Perishable,WH_A,Supplier_Y,2024-11-10,2024-11-12,472,17.33,8179.759999999999,2,8.44
ORD1315,Bread,Non-Perishable,WH_B,Supplier_Y,2024-11-11,2024-11-13,466,70.25,32736.5,2,6.76
ORD1316,Eggs,Perishable,WH_C,Supplier_Z,2024-11-12,2024-11-14,480,13.84,6643.2,2,1.39
ORD1317,Bread,Non-Perishable,WH_C,Supplier_Y,2024-11-13,2024-11-15,92,7.79,716.68,2,2.54
ORD1318,Bread,Non-Perishable,WH_A,Supplier_X,2024-11-14,2024-11-16,402,83.18,33438.36,2,8.76
ORD1319,Eggs,Perishable,WH_A,Supplier_X,2024-11-15,2024-11-17,108,24.93,2692.44,2,1.83
ORD1320,Bread,Perishable,WH_C,Supplier_Z,2024-11-16,2024-11-18,158,41.01,6479.58,2,2.78
ORD1321,Bread,Non-Perishable,WH_B,Supplier_X,2024-11-17,2024-11-19,338,97.48,32948.24,2,1.3
ORD1322,Bread,Perishable,WH_A,Supplier_Y,2024-11-18,2024-11-20,165,37.0,6105.0,2,6.76
ORD1323,Milk,Non-Perishable,WH_A,Supplier_X,2024-11-19,2024-11-21,199,33.17,6600.83,2,9.44
ORD1324,Milk,Perishable,WH_C,Supplier_Z,2024-11-20,2024-11-22,380,92.23,35047.4,2,2.69
ORD1325,Milk,Non-Perishable,WH_B,Supplier_Y,2024-11-21,2024-11-23,272,15.52,4221.44,2,4.75
ORD1326,Eggs,Perishable,WH_C,Supplier_Z,2024-11-22,2024-11-24,89,77.16,6867.24,2,6.34
ORD1327,Vegetables,Perishable,WH_B,Supplier_Y,2024-11-23,2024-11-25,409,98.87,40437.83,2,9.99
ORD1328,Bread,Perishable,WH_B,Supplier_X,2024-11-24,2024-11-26,261,90.62,23651.82,2,1.05
ORD1329,Bread,Non-Perishable,WH_B,Supplier_Z,2024-11-25,2024-11-27,106,66.91,7092.46,2,4.99
ORD1330,Eggs,Perishable,WH_A,Supplier_Z,2024-11-26,2024-11-28,269,34.84,9371.960000000001,2,3.85
ORD1331,Bread,Perishable,WH_C,Supplier_Y,2024-11-27,2024-11-29,269,29.16,7844.04,2,8.66
ORD1332,Milk,Perishable,WH_C,Supplier_Z,2024-11-28,2024-11-30,112,82.83,9276.96,2,4.76
ORD1333,Vegetables,Non-Perishable,WH_B,Supplier_Y,2024-11-29,2024-12-01,49,88.58,4340.42,2,1.11
ORD1334,Fruits,Perishable,WH_A,Supplier_Y,2024-11-30,2024-12-02,282,54.92,15487.44,2,6.34
ORD1335,Bread,Non-Perishable,WH_A,Supplier_Y,2024-12-01,2024-12-03,110,28.21,3103.1,2,7.71
ORD1336,Milk,Perishable,WH_C,Supplier_Y,2024-12-02,2024-12-04,368,15.73,5788.64,2,0.03
ORD1337,Fruits,Perishable,WH_A,Supplier_X,2024-12-03,2024-12-05,389,13.28,5165.92,2,8.59
ORD1338,Vegetables,Perishable,WH_A,Supplier_Y,2024-12-04,2024-12-06,317,73.31,23239.27,2,1.86
ORD1339,Fruits,Perishable,WH_B,Supplier_Z,2024-12-05,2024-12-07,230,44.91,10329.3,2,5.52
ORD1340,Milk,Non-Perishable,WH_A,Supplier_X,2024-12-06,2024-12-08,317,91.01,28850.170000000002,2,4.16
ORD1341,Fruits,Perishable,WH_B,Supplier_Z,2024-12-07,2024-12-09,429,75.27,32290.829999999998,2,7.2
ORD1342,Eggs,Perishable,WH_C,Supplier_X,2024-12-08,2024-12-10,133,23.17,3081.61,2,3.71
ORD1343,Fruits,Non-Perishable,WH_A,Supplier_Y,2024-12-09,2024-12-11,431,63.31,27286.61,2,8.7
ORD1344,Bread,Perishable,WH_C,Supplier_X,2024-12-10,2024-12-12,240,46.37,11128.8,2,7.3
ORD1345,Bread,Perishable,WH_C,Supplier_X,2024-12-11,2024-12-13,187,59.84,11190.08,2,6.48
ORD1346,Eggs,Non-Perishable,WH_A,Supplier_Z,2024-12-12,2024-12-14,72,75.12,5408.64,2,7.96
ORD1347,Milk,Perishable,WH_A,Supplier_Z,2024-12-13,2024-12-15,494,81.59,40305.46,2,7.54
ORD1348,Bread,Perishable,WH_C,Supplier_Y,2024-12-14,2024-12-16,125,85.16,10645.0,2,0.36
ORD1349,Vegetables,Non-Perishable,WH_A,Supplier_X,2024-12-15,2024-12-17,200,29.13,5826.0,2,3.95
ORD1350,Bread,Perishable,WH_B,Supplier_X,2024-12-16,2024-12-18,71,7.96,565.16,2,9.31
ORD1351,Bread,Perishable,WH_B,Supplier_X,2024-12-17,2024-12-19,265,75.23,19935.95,2,1.26
ORD1352,Milk,Perishable,WH_A,Supplier_Y,2024-12-18,2024-12-20,492,15.1,7429.2,2,7.37
ORD1353,Fruits,Non-Perishable,WH_C,Supplier_Y,2024-12-19,2024-12-21,16,34.92,558.72,2,9.75
ORD1354,Bread,Perishable,WH_A,Supplier_Y,2024-12-20,2024-12-22,164,5.36,879.0400000000001,2,0.52
ORD1355,Eggs,Perishable,WH_A,Supplier_Y,2024-12-21,2024-12-23,101,69.76,7045.76,2,6.82
ORD1356,Fruits,Non-Perishable,WH_C,Supplier_Y,2024-12-22,2024-12-24,479,20.88,10001.519999999999,2,4.68
ORD1357,Vegetables,Non-Perishable,WH_C,Supplier_Z,2024-12-23,2024-12-25,23,67.25,1546.75,2,5.79
ORD1358,Milk,Perishable,WH_B,Supplier_X,2024-12-24,2024-12-26,464,99.22,46038.08,2,0.85
ORD1359,Vegetables,Perishable,WH_C,Supplier_X,2024-12-25,2024-12-27,238,11.9,2832.2000000000003,2,0.43
ORD1360,Fruits,Perishable,WH_B,Supplier_X,2024-12-26,2024-12-28,95,12.32,1170.4,2,6.67
ORD1361,Fruits,Non-Perishable,WH_C,Supplier_X,2024-12-27,2024-12-29,142,37.34,5302.280000000001,2,8.23
ORD1362,Fruits,Perishable,WH_A,Supplier_X,2024-12-28,2024-12-30,192,87.31,16763.52,2,7.82
ORD1363,Vegetables,Perishable,WH_B,Supplier_X,2024-12-29,2024-12-31,395,25.48,10064.6,2,5.44
ORD1364,Fruits,Non-Perishable,WH_B,Supplier_X,2024-12-30,2025-01-01,71,39.24,2786.04,2,1.0
ORD1365,Vegetables,Non-Perishable,WH_B,Supplier_X,2024-12-31,2025-01-02,228,11.51,2624.2799999999997,2,6.88
ORD1366,Fruits,Perishable,WH_A,Supplier_Z,2025-01-01,2025-01-03,414,77.5,32085.0,2,2.42
ORD1367,Eggs,Non-Perishable,WH_A,Supplier_X,2025-01-02,2025-01-04,255,43.79,11166.449999999999,2,9.11
ORD1368,Fruits,Perishable,WH_A,Supplier_Z,2025-01-03,2025-01-05,239,77.13,18434.07,2,8.38
ORD1369,Vegetables,Non-Perishable,WH_A,Supplier_Y,2025-01-04,2025-01-06,88,90.84,7993.92,2,7.09
ORD1370,Bread,Perishable,WH_A,Supplier_X,2025-01-05,2025-01-07,158,27.11,4283.38,2,9.49
ORD1371,Fruits,Perishable,WH_B,Supplier_Y,2025-01-06,2025-01-08,147,81.7,12009.9,2,0.31
ORD1372,Bread,Non-Perishable,WH_A,Supplier_Y,2025-01-07,2025-01-09,480,10.61,5092.799999999999,2,7.36
ORD1373,Eggs,Perishable,WH_B,Supplier_Y,2025-01-08,2025-01-10,323,90.39,29195.97,2,3.3
ORD1374,Milk,Perishable,WH_A,Supplier_Z,2025-01-09,2025-01-11,385,66.82,25725.699999999997,2,9.06
ORD1375,Eggs,Non-Perishable,WH_C,Supplier_Y,2025-01-10,2025-01-12,432,88.05,38037.6,2,2.67
ORD1376,Fruits,Non-Perishable,WH_B,Supplier_Y,2025-01-11,2025-01-13,398,5.02,1997.9599999999998,2,7.25
ORD1377,Bread,Perishable,WH_C,Supplier_Y,2025-01-12,2025-01-14,74,21.06,1558.4399999999998,2,8.78
ORD1378,Bread,Perishable,WH_B,Supplier_X,2025-01-13,2025-01-15,22,42.03,924.6600000000001,2,0.42
ORD1379,Vegetables,Perishable,WH_C,Supplier_X,2025-01-14,2025-01-16,222,41.05,9113.099999999999,2,3.98
ORD1380,Bread,Perishable,WH_A,Supplier_Z,2025-01-15,2025-01-17,483,26.54,12818.82,2,7.62
ORD1381,Vegetables,Perishable,WH_A,Supplier_Z,2025-01-16,2025-01-18,251,41.25,10353.75,2,4.55
ORD1382,Milk,Perishable,WH_A,Supplier_X,2025-01-17,2025-01-19,222,17.24,3827.2799999999997,2,2.67
ORD1383,Fruits,Non-Perishable,WH_B,Supplier_Z,2025-01-18,2025-01-20,190,44.21,8399.9,2,2.2
ORD1384,Vegetables,Perishable,WH_C,Supplier_X,2025-01-19,2025-01-21,347,81.22,28183.34,2,1.32
ORD1385,Milk,Perishable,WH_A,Supplier_Y,2025-01-20,2025-01-22,494,50.51,24951.94,2,8.57
ORD1386,Bread,Perishable,WH_C,Supplier_Y,2025-01-21,2025-01-23,182,6.71,1221.22,2,5.75
ORD1387,Bread,Non-Perishable,WH_C,Supplier_Z,2025-01-22,2025-01-24,169,45.04,7611.76,2,0.76
ORD1388,Milk,Perishable,WH_A,Supplier_X,2025-01-23,2025-01-25,173,7.58,1311.34,2,3.83
ORD1389,Bread,Perishable,WH_A,Supplier_X,2025-01-24,2025-01-26,474,96.79,45878.46000000001,2,3.68
ORD1390,Milk,Perishable,WH_C,Supplier_Z,2025-01-25,2025-01-27,492,17.11,8418.119999999999,2,1.82
ORD1391,Vegetables,Perishable,WH_A,Supplier_X,2025-01-26,2025-01-28,197,72.23,14229.310000000001,2,4.36
ORD1392,Vegetables,Perishable,WH_A,Supplier_Y,2025-01-27,2025-01-29,404,97.41,39353.64,2,3.32
ORD1393,Milk,Non-Perishable,WH_A,Supplier_Z,2025-01-28,2025-01-30,200,83.47,16694.0,2,3.42
ORD1394,Vegetables,Non-Perishable,WH_B,Supplier_Z,2025-01-29,2025-01-31,414,71.43,29572.020000000004,2,7.39
ORD1395,Vegetables,Perishable,WH_C,Supplier_X,2025-01-30,2025-02-01,317,84.75,26865.75,2,2.23
ORD1396,Vegetables,Perishable,WH_C,Supplier_Z,2025-01-31,2025-02-02,265,98.27,26041.55,2,6.42
ORD1397,Eggs,Non-Perishable,WH_B,Supplier_X,2025-02-01,2025-02-03,192,64.03,12293.76,2,5.71
ORD1398,Fruits,Non-Perishable,WH_C,Supplier_X,2025-02-02,2025-02-04,126,58.12,7323.12,2,5.68
ORD1399,Bread,Perishable,WH_A,Supplier_X,2025-02-03,2025-02-05,291,64.68,18821.88,2,6.63
ORD1400,Eggs,Perishable,WH_C,Supplier_X,2025-02-04,2025-02-06,205,55.6,11398.0,2,5.48
ORD1401,Vegetables,Perishable,WH_A,Supplier_X,2025-02-05,2025-02-07,43,65.33,2809.19,2,8.79
ORD1402,Milk,Perishable,WH_B,Supplier_Z,2025-02-06,2025-02-08,61,47.74,2912.1400000000003,2,6.76
ORD1403,Vegetables,Non-Perishable,WH_A,Supplier_Y,2025-02-07,2025-02-09,121,25.75,3115.75,2,5.47
ORD1404,Fruits,Non-Perishable,WH_C,Supplier_Y,2025-02-08,2025-02-10,261,16.42,4285.620000000001,2,8.3
ORD1405,Vegetables,Non-Perishable,WH_C,Supplier_Z,2025-02-09,2025-02-11,91,11.49,1045.59,2,6.06
ORD1406,Milk,Perishable,WH_C,Supplier_Z,2025-02-10,2025-02-12,241,30.01,7232.410000000001,2,2.91
ORD1407,Fruits,Perishable,WH_B,Supplier_Y,2025-02-11,2025-02-13,236,9.38,2213.6800000000003,2,2.07
ORD1408,Vegetables,Non-Perishable,WH_B,Supplier_Y,2025-02-12,2025-02-14,242,58.88,14248.960000000001,2,1.52
ORD1409,Fruits,Non-Perishable,WH_C,Supplier_Y,2025-02-13,2025-02-15,230,31.96,7350.8,2,8.99
ORD1410,Bread,Perishable,WH_A,Supplier_Y,2025-02-14,2025-02-16,445,83.33,37081.85,2,7.1
ORD1411,Bread,Non-Perishable,WH_B,Supplier_Y,2025-02-15,2025-02-17,422,12.05,5085.1,2,9.37
ORD1412,Vegetables,Non-Perishable,WH_C,Supplier_X,2025-02-16,2025-02-18,431,26.5,11421.5,2,6.03
ORD1413,Fruits,Perishable,WH_C,Supplier_Z,2025-02-17,2025-02-19,51,74.37,3792.8700000000003,2,4.73
ORD1414,Milk,Perishable,WH_B,Supplier_X,2025-02-18,2025-02-20,30,61.89,1856.7,2,0.6
ORD1415,Vegetables,Perishable,WH_B,Supplier_Y,2025-02-19,2025-02-21,51,11.13,567.63,2,6.72
ORD1416,Bread,Perishable,WH_B,Supplier_Y,2025-02-20,2025-02-22,406,88.34,35866.04,2,5.82
ORD1417,Bread,Perishable,WH_A,Supplier_Y,2025-02-21,2025-02-23,122,88.34,10777.48,2,9.9
ORD1418,Vegetables,Non-Perishable,WH_A,Supplier_X,2025-02-22,2025-02-24,114,36.39,4148.46,2,2.39
ORD1419,Fruits,Perishable,WH_C,Supplier_X,2025-02-23,2025-02-25,201,37.34,7505.340000000001,2,5.31
ORD1420,Bread,Perishable,WH_B,Supplier_Y,2025-02-24,2025-02-26,26,98.96,2572.96,2,6.51
ORD1421,Fruits,Perishable,WH_A,Supplier_X,2025-02-25,2025-02-27,129,64.49,8319.21,2,6.45
ORD1422,Bread,Perishable,WH_B,Supplier_X,2025-02-26,2025-02-28,402,55.48,22302.96,2,5.61
ORD1423,Bread,Non-Perishable,WH_C,Supplier_Y,2025-02-27,2025-03-01,434,84.62,36725.08,2,7.77
ORD1424,Eggs,Perishable,WH_A,Supplier_X,2025-02-28,2025-03-02,138,32.1,4429.8,2,2.05
ORD1425,Bread,Perishable,WH_A,Supplier_Z,2025-03-01,2025-03-03,139,45.77,6362.030000000001,2,7.26
ORD1426,Milk,Non-Perishable,WH_A,Supplier_Z,2025-03-02,2025-03-04,69,30.44,2100.36,2,6.2
ORD1427,Vegetables,Perishable,WH_C,Supplier_Z,2025-03-03,2025-03-05,57,79.97,4558.29,2,8.96
ORD1428,Vegetables,Perishable,WH_B,Supplier_Z,2025-03-04,2025-03-06,38,59.47,2259.86,2,8.47
ORD1429,Fruits,Perishable,WH_A,Supplier_Y,2025-03-05,2025-03-07,106,67.59,7164.54,2,3.15
ORD1430,Bread,Perishable,WH_C,Supplier_Y,2025-03-06,2025-03-08,19,28.97,550.43,2,2.76
ORD1431,Milk,Perishable,WH_B,Supplier_Y,2025-03-07,2025-03-09,251,25.92,6505.92,2,9.82
ORD1432,Fruits,Perishable,WH_C,Supplier_Z,2025-03-08,2025-03-10,323,51.4,16602.2,2,5.27
ORD1433,Eggs,Perishable,WH_B,Supplier_Z,2025-03-09,2025-03-11,453,75.07,34006.71,2,9.06
ORD1434,Fruits,Non-Perishable,WH_C,Supplier_X,2025-03-10,2025-03-12,241,54.9,13230.9,2,1.64
ORD1435,Fruits,Perishable,WH_B,Supplier_X,2025-03-11,2025-03-13,286,8.1,2316.6,2,6.43
ORD1436,Bread,Perishable,WH_A,Supplier_Z,2025-03-12,2025-03-14,293,87.51,25640.43,2,8.1
ORD1437,Eggs,Perishable,WH_B,Supplier_Z,2025-03-13,2025-03-15,212,11.15,2363.8,2,9.47
ORD1438,Fruits,Perishable,WH_C,Supplier_Z,2025-03-14,2025-03-16,256,95.8,24524.8,2,3.37
ORD1439,Milk,Perishable,WH_C,Supplier_Z,2025-03-15,2025-03-17,299,7.39,2209.61,2,7.25
ORD1440,Milk,Perishable,WH_B,Supplier_X,2025-03-16,2025-03-18,273,70.97,19374.81,2,5.39
ORD1441,Vegetables,Non-Perishable,WH_A,Supplier_Z,2025-03-17,2025-03-19,452,12.81,5790.12,2,0.61
ORD1442,Eggs,Perishable,WH_A,Supplier_X,2025-03-18,2025-03-20,223,91.51,20406.73,2,6.9
ORD1443,Eggs,Perishable,WH_B,Supplier_Z,2025-03-19,2025-03-21,209,49.12,10266.08,2,6.9
ORD1444,Vegetables,Perishable,WH_B,Supplier_Z,2025-03-20,2025-03-22,442,18.06,7982.5199999999995,2,9.31
ORD1445,Fruits,Non-Perishable,WH_C,Supplier_Z,2025-03-21,2025-03-23,88,37.38,3289.44,2,4.97
ORD1446,Eggs,Perishable,WH_A,Supplier_X,2025-03-22,2025-03-24,410,20.66,8470.6,2,2.3
ORD1447,Milk,Perishable,WH_B,Supplier_X,2025-03-23,2025-03-25,453,21.21,9608.130000000001,2,0.45
ORD1448,Milk,Perishable,WH_A,Supplier_Y,2025-03-24,2025-03-26,352,95.07,33464.64,2,4.16
ORD1449,Bread,Non-Perishable,WH_B,Supplier_Z,2025-03-25,2025-03-27,353,47.3,16696.899999999998,2,3.02
ORD1450,Eggs,Perishable,WH_B,Supplier_Y,2025-03-26,2025-03-28,182,79.94,14549.08,2,7.61
ORD1451,Fruits,Non-Perishable,WH_A,Supplier_Y,2025-03-27,2025-03-29,476,65.76,31301.760000000002,2,3.54
ORD1452,Vegetables,Perishable,WH_B,Supplier_X,2025-03-28,2025-03-30,78,69.26,5402.280000000001,2,9.49
ORD1453,Vegetables,Perishable,WH_B,Supplier_X,2025-03-29,2025-03-31,425,17.51,7441.750000000001,2,9.62
ORD1454,Fruits,Perishable,WH_C,Supplier_Y,2025-03-30,2025-04-01,437,27.25,11908.25,2,6.21
ORD1455,Bread,Perishable,WH_B,Supplier_Z,2025-03-31,2025-04-02,458,79.74,36520.92,2,9.29
ORD1456,Vegetables,Perishable,WH_B,Supplier_X,2025-04-01,2025-04-03,96,97.22,9333.119999999999,2,7.61
ORD1457,Eggs,Perishable,WH_B,Supplier_Z,2025-04-02,2025-04-04,110,29.95,3294.5,2,5.47
ORD1458,Bread,Non-Perishable,WH_C,Supplier_Z,2025-04-03,2025-04-05,17,30.8,523.6,2,1.8
ORD1459,Eggs,Perishable,WH_A,Supplier_Y,2025-04-04,2025-04-06,342,49.93,17076.06,2,4.59
ORD1460,Milk,Perishable,WH_C,Supplier_Y,2025-04-05,2025-04-07,209,98.46,20578.14,2,5.61
ORD1461,Bread,Perishable,WH_C,Supplier_Y,2025-04-06,2025-04-08,96,30.55,2932.8,2,8.64
ORD1462,Vegetables,Perishable,WH_A,Supplier_Y,2025-04-07,2025-04-09,52,43.66,2270.3199999999997,2,4.81
ORD1463,Bread,Perishable,WH_C,Supplier_X,2025-04-08,2025-04-10,394,89.69,35337.86,2,8.98
ORD1464,Bread,Perishable,WH_A,Supplier_X,2025-04-09,2025-04-11,118,5.28,623.0400000000001,2,6.74
ORD1465,Bread,Perishable,WH_C,Supplier_Y,2025-04-10,2025-04-12,444,8.78,3898.3199999999997,2,1.37
ORD1466,Bread,Non-Perishable,WH_A,Supplier_X,2025-04-11,2025-04-13,417,62.39,26016.63,2,9.95
ORD1467,Eggs,Non-Perishable,WH_B,Supplier_Y,2025-04-12,2025-04-14,492,91.2,44870.4,2,5.27
ORD1468,Milk,Perishable,WH_C,Supplier_Z,2025-04-13,2025-04-15,161,27.69,4458.09,2,3.92
ORD1469,Fruits,Perishable,WH_C,Supplier_Z,2025-04-14,2025-04-16,26,49.62,1290.12,2,6.59
ORD1470,Bread,Perishable,WH_C,Supplier_Z,2025-04-15,2025-04-17,142,47.79,6786.18,2,1.09
ORD1471,Vegetables,Perishable,WH_C,Supplier_Y,2025-04-16,2025-04-18,157,49.93,7839.01,2,6.37
ORD1472,Bread,Perishable,WH_B,Supplier_Z,2025-04-17,2025-04-19,286,64.14,18344.04,2,4.98
ORD1473,Vegetables,Perishable,WH_C,Supplier_X,2025-04-18,2025-04-20,241,49.63,11960.83,2,4.07
ORD1474,Eggs,Non-Perishable,WH_B,Supplier_Z,2025-04-19,2025-04-21,323,47.51,15345.73,2,9.53
ORD1475,Vegetables,Perishable,WH_B,Supplier_Z,2025-04-20,2025-04-22,424,50.06,21225.440000000002,2,5.23
ORD1476,Fruits,Perishable,WH_B,Supplier_Z,2025-04-21,2025-04-23,375,61.13,22923.75,2,2.19
ORD1477,Milk,Perishable,WH_B,Supplier_X,2025-04-22,2025-04-24,237,56.02,13276.740000000002,2,4.59
ORD1478,Vegetables,Perishable,WH_A,Supplier_Y,2025-04-23,2025-04-25,148,86.14,12748.72,2,9.19
ORD1479,Vegetables,Perishable,WH_A,Supplier_X,2025-04-24,2025-04-26,445,9.7,4316.5,2,1.76
ORD1480,Milk,Perishable,WH_C,Supplier_Y,2025-04-25,2025-04-27,408,84.17,34341.36,2,2.14
ORD1481,Fruits,Perishable,WH_A,Supplier_Y,2025-04-26,2025-04-28,220,85.17,18737.4,2,0.13
ORD1482,Bread,Non-Perishable,WH_A,Supplier_Z,2025-04-27,2025-04-29,400,32.07,12828.0,2,0.14
ORD1483,Vegetables,Perishable,WH_C,Supplier_Y,2025-04-28,2025-04-30,37,48.97,1811.8899999999999,2,8.29
ORD1484,Milk,Perishable,WH_C,Supplier_X,2025-04-29,2025-05-01,60,46.66,2799.6,2,7.32
ORD1485,Eggs,Perishable,WH_C,Supplier_X,2025-04-30,2025-05-02,451,25.76,11617.76,2,3.55
ORD1486,Milk,Perishable,WH_A,Supplier_Y,2025-05-01,2025-05-03,270,42.7,11529.0,2,6.98
ORD1487,Eggs,Perishable,WH_A,Supplier_Z,2025-05-02,2025-05-04,270,9.22,2489.4,2,3.95
ORD1488,Fruits,Non-Perishable,WH_C,Supplier_Z,2025-05-03,2025-05-05,359,31.39,11269.01,2,9.53
ORD1489,Bread,Non-Perishable,WH_B,Supplier_X,2025-05-04,2025-05-06,361,82.58,29811.38,2,9.67
ORD1490,Milk,Non-Perishable,WH_C,Supplier_Z,2025-05-05,2025-05-07,17,32.03,544.51,2,3.93
ORD1491,Vegetables,Perishable,WH_B,Supplier_Y,2025-05-06,2025-05-08,329,82.73,27218.170000000002,2,8.54
ORD1492,Fruits,Perishable,WH_B,Supplier_Y,2025-05-07,2025-05-09,147,55.5,8158.5,2,7.73
ORD1493,Milk,Perishable,WH_C,Supplier_X,2025-05-08,2025-05-10,47,88.59,4163.7300000000005,2,3.1
ORD1494,Vegetables,Perishable,WH_C,Supplier_Y,2025-05-09,2025-05-11,120,59.6,7152.0,2,2.32
ORD1495,Milk,Non-Perishable,WH_C,Supplier_X,2025-05-10,2025-05-12,489,7.82,3823.98,2,4.58
ORD1496,Eggs,Perishable,WH_A,Supplier_Y,2025-05-11,2025-05-13,377,69.16,26073.32,2,7.81
ORD1497,Milk,Perishable,WH_B,Supplier_X,2025-05-12,2025-05-14,229,9.26,2120.54,2,9.6
ORD1498,Milk,Perishable,WH_A,Supplier_Z,2025-05-13,2025-05-15,346,47.81,16542.260000000002,2,7.64
ORD1499,Milk,Perishable,WH_A,Supplier_Y,2025-05-14,2025-05-16,232,93.3,21645.6,2,8.55
